person_id,imdb_person_id,name
933,NULL,"Tanaka, Masayoshi"
934,NULL,Artland
935,NULL,"Matsuzaki, Yoshiyuki"
936,NULL,"Dezaki, Osamu"
937,NULL,"Hanyuu, Naoyasu"
938,NULL,"Mizutani, Takaya"
939,NULL,"Shinohara, Toshiya"
940,NULL,"Nakajima, Yuuki"
941,NULL,"Yuuki, Risa"
942,NULL,"Abe, Yukio"
943,NULL,"Arai, Torao"
944,NULL,"Dezaki, Tetsu"
945,NULL,"Ishiwata, Osamu"
946,NULL,"Katou, Yoshitaka"
947,NULL,"Matsuda, Akihiko"
948,NULL,"Nakahara, Kiyotaka"
949,NULL,"Sugino, Akio"
950,NULL,"Uchida, Hiroshi"
951,NULL,"Unozawa, Shin"
952,NULL,"Yuki, Shinzou"
953,NULL,"Magic Bus"
954,NULL,"Harada, Hitomi"
955,NULL,"Fujikawa, Futoshi"
956,NULL,"Tayama, Osamu"
957,NULL,Tenmon
958,NULL,"Yoshikawa, Hiroshi"
959,NULL,minori
960,NULL,"Asahi Production"
961,NULL,"Endou, Katsumi"
962,NULL,"Fuji, Mineo"
963,NULL,"Nagaki, Bonjin"
964,NULL,"Shigino, Akira"
965,NULL,"Yotsuji, Takao"
966,NULL,"Terada, Kenji"
967,NULL,"Inui, Hiroki"
968,NULL,"Oowada, Ritsuko"
969,NULL,"Sasaki, Ben"
970,NULL,"Ebihara, Takeshi"
971,NULL,"Emura, Toyoaki"
972,NULL,"Gotou, Takayuki"
973,NULL,"Kinoshita, Yuuki"
974,NULL,"Kusuda, Satoru"
975,NULL,"Miyao, Gaku"
976,NULL,"Nakamura, Mitsuki"
977,NULL,"Takada, Akemi"
978,NULL,"Tamano, Harumi"
979,NULL,"Yamazaki, Shigeru"
980,NULL,"TV Tokyo"
981,NULL,Pierrot
982,NULL,"Yokoyama, Hiromi"
983,NULL,"Momoi, Osamu"
984,NULL,"Takahashi, Takeo"
985,NULL,"ELF Corporation"
986,NULL,"Hattori, Noritomo"
987,NULL,"Hidero, Horibe"
988,NULL,"Pink Pineapple"
989,NULL,"Himajin Planning"
990,NULL,"Postgal Workshop"
991,NULL,"Cook, Justin"
992,NULL,"Takechi, Tsuneo"
993,NULL,"Bessho, Makoto"
994,NULL,"Tsuruoka, Youta"
995,NULL,"Fukuda, Noriyuki"
996,NULL,"Maruyama, Yuuta"
997,NULL,"Nogami, Kazuo"
998,NULL,"Satou, Hikaru"
999,NULL,"Shiraishi, Michita"
1000,NULL,"Takahashi, Yukio"
1001,NULL,"Ueda, Shigeru"
1002,NULL,"Ayana, Yuniko"
1003,NULL,"Katou, Youichi"
1004,NULL,"Nemoto, Toshizou"
1005,NULL,"Oonogi, Hiroshi"
1006,NULL,"Aoki, Ei"
1007,NULL,"Chigira, Kouichi"
1008,NULL,"Higuchi, Shinji"
1009,NULL,"Hirata, Tomohiro"
1010,NULL,"Iida, Umanosuke"
1011,NULL,"Takeuchi, Atsushi"
1012,NULL,May'n
1013,NULL,"Abe, Misao"
1014,NULL,"Adachi, Yuusuke"
1015,NULL,"Akao, Ryoutarou"
1016,NULL,"Arahata, Ayumi"
1017,NULL,"Ebihara, Masao"
1018,NULL,"Ebisawa, Takuya"
1019,NULL,"Fukuchi, Yuuki"
1020,NULL,"Gotou, Masami"
1021,NULL,"Hagio, Keita"
1022,NULL,"Hideshima, Wakako"
1023,NULL,"Hirata, Kazuya"
1024,NULL,"Hoshino, Reika"
1025,NULL,"Hosogoe, Yuuji"
1026,NULL,"Ikai, Kazuyuki"
1027,NULL,"Ikeda, Shigemi"
1028,NULL,"Inoue, Kaoru"
1029,NULL,"Inoue, Shinichiro"
1030,NULL,"Ishii, Kumi"
1031,NULL,"Itou, Yuuta"
1032,NULL,"Itou, Shousei"
1033,NULL,"Kamogawa, Takahiro"
1034,NULL,"Kanbe, Hiroyuki"
1035,NULL,"Katagai, Fumihiro"
1036,NULL,"Katou, Masaki"
1037,NULL,"Kawahara, Tomohiro"
1038,NULL,"Kawamura, Kousuke"
1039,NULL,"Kibata, Minoru"
1040,NULL,"Kikuchi, Toshihiro"
1041,NULL,"Kim, Bo-min"
1042,NULL,"Kitagawa, Takayuki"
1043,NULL,"Kitajima, Nobuyuki"
1044,NULL,"Kitamura, Junichi"
1045,NULL,"Kobayashi, Toshimitsu"
1046,NULL,"Kobayashi, Yukihiro"
1047,NULL,"Kojima, Shizuko"
1048,NULL,"Komaru, Toshiyuki"
1049,NULL,"Kotani, Kyouko"
1050,NULL,"Kudou, Akiko"
1051,NULL,"Kurashima, Tomoyasu"
1052,NULL,"Kurita, Shinichi"
1053,NULL,"Kuroda, Yuka"
1054,NULL,"Kuroishi, Hitomi"
1055,NULL,"Kusaka, Takeshi"
1056,NULL,"Matsuoka, Hideaki"
1057,NULL,"Mikasa, Osamu"
1058,NULL,"Mineta, Yoshimi"
1059,NULL,"Murata, Range"
1060,NULL,"Nakanishi, Kazuya"
1061,NULL,"Naraoka, Hikaru"
1062,NULL,"Narumi, Hiromitsu"
1063,NULL,"Nii, Hirotaka"
1064,NULL,"Nishizawa, Chie"
1065,NULL,"Ono, Kazuhiro"
1066,NULL,"Ooshita, Tomoyuki"
1067,NULL,"Oota, Masami"
1068,NULL,"Osada, Eri"
1069,NULL,"Ozaki, Masayuki"
1070,NULL,"Saitou, Hisashi"
1071,NULL,"Sakuramoto, Aika"
1072,NULL,"Satou, Michio"
1073,NULL,"Sayama, Yoshinori"
1074,NULL,"Sekiya, Kaoru"
1075,NULL,"Shibuya, Sakae"
1076,NULL,"Shigematsu, Sawako"
1077,NULL,"Shigemura, Kengo"
1078,NULL,"Shindou, Yuu"
1079,NULL,"Shingou, Yasushi"
1080,NULL,"Song, Seok-Gang"
1081,NULL,"Suzuki, Mitsuru"
1082,NULL,"Suzuki, Takanori"
1083,NULL,"Taniguchi, Kumiko"
1084,NULL,"Tomono, Kayoko"
1085,NULL,"Tsutsumiya, Noriko"
1086,NULL,"Uchiyama, Masayuki"
1087,NULL,"Umezu, Akane"
1088,NULL,"Wada, Takaaki"
1089,NULL,"Walker, Tyler"
1090,NULL,"Watanabe, Mayumi"
1091,NULL,"Yamada, Yuukei"
1092,NULL,"Yamamoto, Kou"
1093,NULL,"Yamamoto, Mika"
1094,NULL,"Yamane, Masahiro"
1095,NULL,"Yamasawa, Minoru"
1096,NULL,"Yamazaki, Yuuta"
1097,NULL,"Yasuda, Takeshi"
1098,NULL,"Yoshida, Risako"
1099,NULL,"NTT Docomo"
1100,NULL,"Atelier Musa"
1101,NULL,Gonzo
1102,NULL,"Oomori, Hiroyuki"
1103,NULL,"Asaka, Morio"
1104,NULL,"Mima, Masafumi"
1105,NULL,"Fuchigami, Makoto"
1106,NULL,"Kimura, Hiroshi"
1107,NULL,"Kobayashi, Tomoki"
1108,NULL,"Masuhara, Mitsuyuki"
1109,NULL,"Miyata, Ryou"
1110,NULL,"Nagai, Tatsuyuki"
1111,NULL,"Oota, Masahiko"
1112,NULL,"Sekita, Osamu"
1113,NULL,"Shimazaki, Nanako"
1114,NULL,"Tanaka, Hiroyuki"
1115,NULL,"Aoyama, Hiroshi"
1116,NULL,"Hara, Hiroshi"
1117,NULL,"Katabuchi, Sunao"
1118,NULL,"Kitakubo, Hiroyuki"
1119,NULL,"Kojima, Masayuki"
1120,NULL,"Sakata, Junichi"
1121,NULL,"Sayama, Kiyoko"
1122,NULL,"Kitagawa, Katsutoshi"
1123,NULL,"Miyakawa, Dan"
1124,NULL,"Round Table featuring Nino"
1125,NULL,"Sugita, Tomokazu"
1126,NULL,"Tanaka, Rie"
1127,NULL,"Abe, Nozomu"
1128,NULL,"Abe, Hisashi"
1129,NULL,"Arisawa, Hiroshi"
1130,NULL,CLAMP
1131,NULL,"Fujita, Mariko"
1132,NULL,"Fujita, Shigeru"
1133,NULL,"Hanada, Jukki"
1134,NULL,"Hirano, Takaharu"
1135,NULL,"Ishikawa, Kensuke"
1136,NULL,"Itagaki, Shin"
1137,NULL,"Kaneko, Yoshihiro"
1138,NULL,"Katsuki, Kunio"
1139,NULL,"Kidokoro, Seimei"
1140,NULL,"Kikuchi, Youko"
1141,NULL,"Kuroyanagi, Kenji"
1142,NULL,"Kuzuyama, Takeshi"
1143,NULL,"Maehara, Rie"
1144,NULL,"Maruyama, Masao"
1145,NULL,"Ogura, Hiroyuki"
1146,NULL,"Ohiwa, Rieko"
1147,NULL,"Okazaki, Hiromi"
1148,NULL,"Quilichini, Jean-Pascal"
1149,NULL,"Saito, Masakazu"
1150,NULL,"Saitou, Kazuya"
1151,NULL,"Sakakibara, Toyohiko"
1152,NULL,"Sakurai, Kunihiko"
1153,NULL,"Shibata, Jun"
1154,NULL,"Shinohara, Nobuko"
1155,NULL,"Sunada, Shigeki"
1156,NULL,"Takahide, Kunio"
1157,NULL,"Takanami, Keitarou"
1158,NULL,"Tanaka, Yuuichi"
1159,NULL,"Terauchi, Satoshi"
1160,NULL,TBS
1161,NULL,"Pioneer LDC"
1162,NULL,Madhouse
1163,NULL,"Fujiyama, Fusanobu"
1164,NULL,"Satou, Shinji"
1165,NULL,"Annou, Masami"
1166,NULL,"Iwami, Mika"
1167,NULL,"Kubo, Tsuguyuki"
1168,NULL,Youmex
1169,NULL,"Hongou, Mitsuru"
1170,NULL,"Ebisawa, Kazuo"
1171,NULL,"Kaiya, Toshihisa"
1172,NULL,"Koyama, Masahiro"
1173,NULL,"Okamura, Masahiro"
1174,NULL,"Saitou, Takuya"
1175,NULL,"Suzuki, Yumiko"
1176,NULL,"Yuasa, Masaaki"
1177,NULL,Ajia-do
1178,NULL,"Takizawa, Toshifumi"
1179,NULL,"Ishii, Hisashi"
1180,NULL,"Kawazoe, Masakazu"
1181,NULL,"Kougo, Tomokazu"
1182,NULL,"Oota, Masaru"
1183,NULL,"Takahashi, Hideki"
1184,NULL,"Tanimura, Shinichi"
1185,NULL,"Tokuma Japan"
1186,NULL,"Sasaki, Katsutoshi"
1187,NULL,"Chiba, Kouichi"
1188,NULL,"Ishizaki, Susumu"
1189,NULL,"Kase, Mitsuko"
1190,NULL,"Kashima, Norio"
1191,NULL,"Taira, Isao"
1192,NULL,"Watanabe, Chuumei"
1193,NULL,"Kanayama, Akihiro"
1194,NULL,"Katsui, Kazuko"
1195,NULL,"Kawana, Kumiko"
1196,NULL,"Kimura, Keiichiro"
1197,NULL,"Ookawara, Kunio"
1198,NULL,"Sasakado, Nobuyoshi"
1199,NULL,Sotsu
1200,NULL,"Nagoya Broadcasting Network"
1201,NULL,Sunrise
1202,NULL,"Hayashi, Seiichi"
1203,NULL,"Suzuki, Keiichi"
1204,NULL,"Toei Animation"
1205,NULL,"Greenfield, Matt"
1206,NULL,"Abe, Masashi"
1207,NULL,"Kikuchi, Yasuhito"
1208,NULL,"Arai, Ken"
1209,NULL,"Arai, Kouichi"
1210,NULL,"Awai, Shigeki"
1211,NULL,"Campbell, Charles"
1212,NULL,"Egawa, Tatsuya"
1213,NULL,"Fukuyo, Takaaki"
1214,NULL,"Haga, Hitoshi"
1215,NULL,"Hamasu, Hideki"
1216,NULL,"Harada, Souichirou"
1217,NULL,"Hiragi, Tokuhiro"
1218,NULL,"Honda, Takeshi"
1219,NULL,"Iida, Hiroyoshi"
1220,NULL,"Ikehata, Yuuji"
1221,NULL,"Inoue, Toshiyuki"
1222,NULL,"Iso, Mitsuo"
1223,NULL,"Kajiwara, Yoshio"
1224,NULL,"Katayanagi, Jouyou"
1225,NULL,"Katou, Hiroshi"
1226,NULL,"Kawamoto, Toshihiro"
1227,NULL,"Koizumi, Souhei"
1228,NULL,"Kumagai, Tetsuya"
1229,NULL,"Kume, Issei"
1230,NULL,"Kushida, Tatsuya"
1231,NULL,"Nagashima, Akiko"
1232,NULL,"Nakayama, Katsuichi"
1233,NULL,"Nakayama, Takehiro"
1234,NULL,"Niino, Ryota"
1235,NULL,"Oguro, Akira"
1236,NULL,"Okabe, Jun"
1237,NULL,"Okazaki, Hideo"
1238,NULL,"Osaka, Hiroshi"
1239,NULL,"Satou, Masako"
1240,NULL,"Satou, Masaru"
1241,NULL,"Sekiguchi, Masahiro"
1242,NULL,"Stevens, Robbie"
1243,NULL,"Suzuki, Hirofumi"
1244,NULL,"Suzuki, Michiyo"
1245,NULL,"Takeda, Yuusuke"
1246,NULL,"Tanabe, Osamu"
1247,NULL,"Tomoda, Masaharu"
1248,NULL,"Washikita, Kyota"
1249,NULL,KSS
1250,NULL,Shueisha
1251,NULL,APPP
1252,NULL,"Yamauchi, Shigeyasu"
1253,NULL,"Choi, Eun-Young"
1254,NULL,"Hatano, Kouhei"
1255,NULL,"Itou, Naoyuki"
1256,NULL,"Itou, Tatsufumi"
1257,NULL,"Kimura, Nobukage"
1258,NULL,"Nagamine, Tatsuya"
1259,NULL,"Nakayama, Naomi"
1260,NULL,"Kamio, Ryuu"
1261,NULL,"Kobayashi, Yasuko"
1262,NULL,"Miyashita, Shinpei"
1263,NULL,"Color Bottle"
1264,NULL,"Miyahara, Nami"
1265,NULL,"Aoki, Katsushi"
1266,NULL,"Arita, Shuuhei"
1267,NULL,"Baba, Mitsuko"
1268,NULL,"Cervantes, Enrique"
1269,NULL,"Enomoto, Hanako"
1270,NULL,"Fukunaga, Gen"
1271,NULL,"Grundy, Jason"
1272,NULL,"Hamasaki, Hiroshi"
1273,NULL,"Harada, Hiroki"
1274,NULL,"Hashimoto, Takashi"
1275,NULL,"Hayama, Junichi"
1276,NULL,"Hayama, Kenji"
1277,NULL,"Hayashi, Akemi"
1278,NULL,"Iguchi, Chuuichi"
1279,NULL,"Ishibashi, Shousuke"
1280,NULL,"Itou, Mariko"
1281,NULL,"Kagami, Takahiro"
1282,NULL,"Kawamura, Akihiro"
1283,NULL,"Kimura, Kashiko"
1284,NULL,"Kishida, Takahiro"
1285,NULL,"Komatsu, Eiji"
1286,NULL,"Kusama, Hideoki"
1287,NULL,"Lee, Beom-seon"
1288,NULL,"Maru, Kanako"
1289,NULL,"Masui, Naoko"
1290,NULL,"Matsumoto, Yukie"
1291,NULL,"Matsumoto, Kenji"
1292,NULL,"Matsumoto, Norio"
1293,NULL,"Morishita, Harutaka"
1294,NULL,"Nakamura, Shouko"
1295,NULL,"Nakano, Ryouko"
1296,NULL,"Nakatake, Manabu"
1297,NULL,"Nishigori, Atsushi"
1298,NULL,"Nishii, Terumi"
1299,NULL,"Noda, Takuo"
1300,NULL,"Noguchi, Tooru"
1301,NULL,"Oizaki, Fumitoshi"
1302,NULL,"Ootsuka, Ken"
1303,NULL,"Sakamoto, Ryuu"
1304,NULL,"Sakurai, Masaaki"
1305,NULL,"Satou, Masayuki"
1306,NULL,"Satou, Toshiyuki"
1307,NULL,"Sawada, Hidehiko"
1308,NULL,"Sugie, Toshiharu"
1309,NULL,"Tanada, Kouhei"
1310,NULL,"Tanaka, Hironori"
1311,NULL,"Tate, Naoki"
1312,NULL,"Tominaga, Mari"
1313,NULL,"Tomita, Yoshikazu"
1314,NULL,"Tonegawa, Megumi"
1315,NULL,"Tsujita, Kunio"
1316,NULL,"Tsunoki, Takuya"
1317,NULL,"Umakoshi, Yoshihiko"
1318,NULL,"Umetsu, Yasuomi"
1319,NULL,"Urata, Yukihiro"
1320,NULL,"Usui, Hisato"
1321,NULL,"Wada, Kaoru"
1322,NULL,"Watanabe, Sakiko"
1323,NULL,"Yamaguchi, Asuka"
1324,NULL,"Yokoyama, Ai"
1325,NULL,"Yoshida, Reiko"
1326,NULL,"Yoshida, Minami"
1327,NULL,"Yoshida, Tatsuo"
1328,NULL,"Yoshida, Hajime"
1329,NULL,"Yuki, Yukie"
1330,NULL,Showgate
1331,NULL,USEN
1332,NULL,"Tatsunoko Production"
1333,NULL,"Maseba, Yutaka"
1334,NULL,"Ohkawa, Nanase"
1335,NULL,"Akiyama, Yukiko"
1336,NULL,"Eguchi, Marisuke"
1337,NULL,"Emoto, Masahiro"
1338,NULL,"Haryuu, Katsufumi"
1339,NULL,"Hashimoto, Takayoshi"
1340,NULL,"Kitao, Masaru"
1341,NULL,"Koga, Makoto"
1342,NULL,"Koike, Takeshi"
1343,NULL,"Konno, Akiko"
1344,NULL,"Kubo, Satoshi"
1345,NULL,"Kurahashi, Shizuo"
1346,NULL,"Miyamae, Shinichi"
1347,NULL,"Negishi, Takayuki"
1348,NULL,"Nishida, Asako"
1349,NULL,"Nitta, Yasunari"
1350,NULL,"Ok, Baeksung"
1351,NULL,"Roullier, Philippe"
1352,NULL,"Takahashi, Kumiko"
1353,NULL,"Tanaka, Chiyuki"
1354,NULL,"Tasaki, Satoshi"
1355,NULL,"Watanabe, Shigeru"
1356,NULL,"Yamazaki, Hideki"
1357,NULL,"Yanagisawa, Masahide"
1358,NULL,"Bandai Visual"
1359,NULL,Shochiku
1360,NULL,Shelty
1361,NULL,"Iwasa, Gaku"
1362,NULL,"Toba, Yousuke"
1363,NULL,"Motonaga, Keitarou"
1364,NULL,"Ebina, Yasunori"
1365,NULL,"Sokuza, Makoto"
1366,NULL,"Tanaka, Motoki"
1367,NULL,"Decouzon, Mélanie"
1368,NULL,"Dutel, Julien"
1369,NULL,"Machida, Touko"
1370,NULL,"Uezu, Makoto"
1371,NULL,"Kodera, Katsuyuki"
1372,NULL,"ALI PROJECT"
1373,NULL,Annabel
1374,NULL,Faylan
1375,NULL,"Hata, Aki"
1376,NULL,"Itsuki, Yui"
1377,NULL,"Katou, Tatsuya"
1378,NULL,"Kuribayashi, Minami"
1379,NULL,"Nakahara, Mai"
1380,NULL,"Nakayama, Masato"
1381,NULL,Nomico
1382,NULL,Piko
1383,NULL,"Shimotsuki, Haruka"
1384,NULL,"Shoujo Byou"
1385,NULL,"Tamura, Yukari"
1386,NULL,"Tomatsu, Haruka"
1387,NULL,"Yousei Teikoku"
1388,NULL,myu
1389,NULL,ryo
1390,NULL,supercell
1391,NULL,"Akita, Manabu"
1392,NULL,"Aono, Atsushi"
1393,NULL,"Aoshima, Katsumi"
1394,NULL,"Hayashi, Youko"
1395,NULL,"Iwakami, Atsuhiro"
1396,NULL,"Iwasaki, Taku"
1397,NULL,"Iwata, Keiko"
1398,NULL,"Kananiwa, Kozue"
1399,NULL,"Katsumata, Hideo"
1400,NULL,"Kimiya, Ryousuke"
1401,NULL,"Kotani, Natsuyo"
1402,NULL,"Kudou, Tadashi"
1403,NULL,"Kumada, Akiko"
1404,NULL,"Kuwana, Ikuo"
1405,NULL,"Lotus Juice"
1406,NULL,"Maruyama, Hiroo"
1407,NULL,"Masuda, Yuusa"
1408,NULL,"Mataga, Daisuke"
1409,NULL,"Matsuo, Shunsuke"
1410,NULL,"NISIO, ISIN"
1411,NULL,"Nagatsu, Haruko"
1412,NULL,"Nagumo, Aya"
1413,NULL,"Nakaji, Asuka"
1414,NULL,"Nakamura, Keisuke"
1415,NULL,"Nakamura, Kazuhisa"
1416,NULL,"Ninomiya, Takeshi"
1417,NULL,"Nuibe, Fumie"
1418,NULL,"Ogawa, Hiroshi"
1419,NULL,"Ookawa, Shinobu"
1420,NULL,"Oota, Kazuhiro"
1421,NULL,"Otani, Natsuyo"
1422,NULL,"Satou, Hiroaki"
1423,NULL,"Segawa, Shinya"
1424,NULL,"Shibata, Shirou"
1425,NULL,"Sudou, Tomonori"
1426,NULL,"Sun, Jialong"
1427,NULL,Take
1428,NULL,"Taniguchi, Moriyasu"
1429,NULL,"Tejima, Akemi"
1430,NULL,"Tomioka, Hiroshi"
1431,NULL,"Tsukuma, Takenori"
1432,NULL,"Uchiyama, Midori"
1433,NULL,"Yajima, Mariko"
1434,NULL,"Yakou, Hiroshi"
1435,NULL,"Yamamoto, Kouji"
1436,NULL,Aniplex
1437,NULL,Lantis
1438,NULL,Kodansha
1439,NULL,Movic
1440,NULL,"Fuji TV"
1441,NULL,"White Fox"
1442,NULL,"Imazawa, Tetsuo"
1443,NULL,"Sugiyama, Kiyotaka"
1444,NULL,"Aoyama, Mitsuru"
1445,NULL,"Horiuchi, Hiroyuki"
1446,NULL,"Kigami, Yoshiji"
1447,NULL,"Momose, Yoshiyuki"
1448,NULL,"Wagatsuma, Hiroshi"
1449,NULL,"Watanabe, Takeo"
1450,NULL,"Shin-Ei Animation"
1451,NULL,"Toriumi, Jinzou"
1452,NULL,"London, Jack"
1453,NULL,Masayuki
1454,NULL,"Masuo, Shouichi"
1455,NULL,"Suzuki, Yasuhiko"
1456,NULL,"Wako Productions"
1457,NULL,"Oobari, Masami"
1458,NULL,"Watanabe, Jun"
1459,NULL,"Masuyama, Hisato"
1460,NULL,"Kuwashima, Houko"
1461,NULL,"Sakamoto, Masayuki"
1462,NULL,"Ajiki, Kei"
1463,NULL,"Ikeda, Yuuji"
1464,NULL,"Katsura, Kenichiro"
1465,NULL,"Ogura, Kazuo"
1466,NULL,"Tanaka, Ryou"
1467,NULL,"Yamauchi, Noriyasu"
1468,NULL,"Chaos Project"
1469,NULL,"Tsukahara, Shigeyoshi"
1470,NULL,"Motoyama, Satoshi"
1471,NULL,"Tsutsumi, Shinpei"
1472,NULL,"Iyasakadou Film"
1473,NULL,"Inoue, Osamu"
1474,NULL,"Kanbara, Toshiaki"
1475,NULL,"Ooshiro, Tsutomu"
1476,NULL,Rinshin
1477,NULL,"Sugiura, Shouichirou"
1478,NULL,Daiei
1479,NULL,Arms
1480,NULL,"Aoki, Yasuhiro"
1481,NULL,"Shirow, Masamune"
1482,NULL,"Studio 4°C"
1483,NULL,"Hirose, Yoshinori"
1484,NULL,"Minami, Shinichiro"
1485,NULL,"Takegami, Takao"
1486,NULL,U-jin
1487,NULL,GAGA
1488,NULL,J.C.Staff
1489,NULL,"Kanda, Takeyuki"
1490,NULL,"Satou, Jun"
1491,NULL,"Shibata, Masahiro"
1492,NULL,"Mushi Production"
1493,NULL,"Nippon Television Network"
1494,NULL,"Ooga, Shunji"
1495,NULL,"Shimizu, Youji"
1496,NULL,"Masuda, Toshihiko"
1497,NULL,"Monkey Punch"
1498,NULL,"Shiina, Keita"
1499,NULL,"Urasawa, Yoshio"
1500,NULL,"Wakano, Tetsuya"
1501,NULL,"Yokoyama, Masakazu"
1502,NULL,WOWOW
1503,NULL,"TMS Entertainment"
1504,NULL,"Odaka, Yoshinori"
1505,NULL,"Ebara, Yasuyuki"
1506,NULL,"Suzuki, Yuusuke"
1507,NULL,"Suzuki, Kensuke"
1508,NULL,"Wada, Toshiya"
1509,NULL,SynergySP
1510,NULL,"Tominaga, Tsuneo"
1511,NULL,"Ryo, Mama"
1512,NULL,"Araki, Hideki"
1513,NULL,"Koshiishi, Akira"
1514,NULL,"Kuroyanagi, Toshimasa"
1515,NULL,"Nakahara, Eitou"
1516,NULL,"Nishi, Kayoko"
1517,NULL,"Nishino, Rie"
1518,NULL,"Nozaki, Minami"
1519,NULL,"Sekiya, Yoshihiro"
1520,NULL,Venet
1521,NULL,Ashishun
1522,NULL,CycloMusic
1523,NULL,"Kinohara, Hikaru"
1524,NULL,Syrup
1525,NULL,PoRO
1526,NULL,"Takahashi, Tomoko"
1527,NULL,"Koumoto, Shougo"
1528,NULL,"Satou, Junichi"
1529,NULL,"Nakase, Rika"
1530,NULL,"Kazui, Hiroko"
1531,NULL,"D'Avena, Cristina"
1532,NULL,"Gotou, Yuuko"
1533,NULL,"Vieira, Ana"
1534,NULL,"Aizawa, Masahiro"
1535,NULL,"Higashi, Junichi"
1536,NULL,"Hosoi, Mieko"
1537,NULL,"Ishibashi, Yukiko"
1538,NULL,"Kai, Yasuyuki"
1539,NULL,"Kitayama, Shuichi"
1540,NULL,"Kobayashi, Akemi"
1541,NULL,"Miyao, Yoshikazu"
1542,NULL,"Nakagawa, Koutarou"
1543,NULL,"Ueda, Kouichirou"
1544,NULL,"Wakayama, Masashi"
1545,NULL,"Yamamoto, Masafumi"
1546,NULL,"Nihon Ad Systems"
1547,NULL,"Hal Film Maker"
1548,NULL,"Uchiyama, Daisuke"
1549,NULL,"Mashimo, Kouichi"
1550,NULL,"Kawatsura, Shinya"
1551,NULL,"Kajiura, Yuki"
1552,NULL,See-Saw
1553,NULL,"Chiba, Takaaki"
1554,NULL,"Ito, Kazunori"
1555,NULL,"Kado, Tomoaki"
1556,NULL,"Koizuka, Masashi"
1557,NULL,"Koyama, Toshihisa"
1558,NULL,"Takadera, Takeshi"
1559,NULL,"Ueda, Fumiko"
1560,NULL,"Umino, Yoshimi"
1561,NULL,"Urahata, Masaru"
1562,NULL,"Watanabe, Asami"
1563,NULL,"Yokote, Michiko"
1564,NULL,CyberConnect2
1565,NULL,"Bee Train"
1566,NULL,"Hamatsu, Mamoru"
1567,NULL,"Hirano, Yasushi"
1568,NULL,"Hoshiyama, Hiroyuki"
1569,NULL,"Inoue, Toshiki"
1570,NULL,"Shimada, Michiru"
1571,NULL,"Szczepanski, Vincent"
1572,NULL,"Amino, Tetsuro"
1573,NULL,"Tsuji, Hatsuki"
1574,NULL,"Nakahara, Meiko"
1575,NULL,"Akutsu, Junichi"
1576,NULL,"Dokite, Tsukasa"
1577,NULL,"Hosono, Fujihiko"
1578,NULL,"Huchez, Bruno-René"
1579,NULL,"Itou, Kouji"
1580,NULL,"Kamura, Hiroyuki"
1581,NULL,"Kimori, Toshiyuki"
1582,NULL,"Kimura, Shinji"
1583,NULL,"Kinoshita, Kazuhiro"
1584,NULL,"Kise, Kazuchika"
1585,NULL,"Miyatake, Kazutaka"
1586,NULL,"Muranaka, Hiromi"
1587,NULL,"Sakai, Keishi"
1588,NULL,"Satou, Masahiro"
1589,NULL,"Shinbou, Akiyuki"
1590,NULL,"Sugiyama, Yuuko"
1591,NULL,"Takachiho, Haruka"
1592,NULL,"Studio Nue"
1593,NULL,"Ougi, Jiyuu"
1594,NULL,"Sekine, Satoko"
1595,NULL,"Satou, Rina"
1596,NULL,"Hirayama, Madoka"
1597,NULL,"Itou, Manami"
1598,NULL,"Maeda, Minoru"
1599,NULL,"Nagai, Rumiko"
1600,NULL,"Oogawara, Haruo"
1601,NULL,"Sahara, Fuminori"
1602,NULL,"Satou, Akiko"
1603,NULL,"Yamamoto, Shuuhei"
1604,NULL,"Konami Digital Entertainment"
1605,NULL,"AIC PLUS+"
1606,NULL,"Yasumi, Tetsuo"
1607,NULL,"Ookuma, Akira"
1608,NULL,"Suzuki, Kentarou"
1609,NULL,"Shimizu, Megumi"
1610,NULL,"Ueno, Kimiko"
1611,NULL,"Adachi, Tetsu"
1612,NULL,"Ebina, Kayoko"
1613,NULL,"Ishino, Hirokazu"
1614,NULL,"Kugimiya, Hiroshi"
1615,NULL,"Mogi, Takuji"
1616,NULL,"Nakaba, Yumiko"
1617,NULL,"Ootake, Masae"
1618,NULL,"Seki, Shuuichi"
1619,NULL,"TV Asahi Music"
1620,NULL,"Maruyama, Shunpei"
1621,NULL,"Kawaguchi, Keiichirou"
1622,NULL,"Tenkawa, Nobuhiko"
1623,NULL,POP
1624,NULL,"Sadakata, Kikuko"
1625,NULL,Actas
1626,NULL,"Mochizuki, Tomomi"
1627,NULL,"Nishimura, Junji"
1628,NULL,"Sawai, Kouji"
1629,NULL,"Shibayama, Tsutomu"
1630,NULL,"Furuhashi, Kazuhiro"
1631,NULL,"Yamamoto, Yuusuke"
1632,NULL,"Kawasaki, Hiroyuki"
1633,NULL,"Salva, Laurence"
1634,NULL,"Suga, Yoshiyuki"
1635,NULL,"Yanagawa, Shigeru"
1636,NULL,"Asou, Miyoko"
1637,NULL,"Hayashibara, Megumi"
1638,NULL,"Hidaka, Noriko"
1639,NULL,"Inoue, Kikuko"
1640,NULL,"Matsumoto, Toshiaki"
1641,NULL,"Minet, Bernard"
1642,NULL,"Morikawa, Miho"
1643,NULL,"Nakajima, Michiyo"
1644,NULL,"Ogata, Kenichi"
1645,NULL,"Oobayashi, Ryuusuke"
1646,NULL,"Sakuma, Rei"
1647,NULL,"Seki, Toshihiko"
1648,NULL,"Shimazu, Saeko"
1649,NULL,"Suzuoki, Hirotaka"
1650,NULL,"Takayama, Minami"
1651,NULL,"Yamaguchi, Kappei"
1652,NULL,"Chiba, Daisuke"
1653,NULL,"Gotou, Masako"
1654,NULL,"Hamana, Takayuki"
1655,NULL,"Hamet, Luq"
1656,NULL,"Ishida, Atsuko"
1657,NULL,"Isono, Satoshi"
1658,NULL,"Kawai, Kenji"
1659,NULL,"Kumazawa, Hideki"
1660,NULL,"Lima, Wellington"
1661,NULL,"Matsuura, Akihisa"
1662,NULL,"Miura, Satoshi"
1663,NULL,"Mori, Hideharu"
1664,NULL,"Nagai, Ichiro"
1665,NULL,"Nakajima, Atsuko"
1666,NULL,"Ochiai, Shigekazu"
1667,NULL,"Ryota, Yamaguchi"
1668,NULL,"Shiba, Shigeharu"
1669,NULL,"Takahashi, Rumiko"
1670,NULL,"Wakabayashi, Atsushi"
1671,NULL,"Willems, Karl"
1672,NULL,"Shogakukan-Shueisha Productions"
1673,NULL,"Kitty Films"
1674,NULL,Shogakukan
1675,NULL,"Studio Deen"
1676,NULL,"Oomiya, Saburou"
1677,NULL,"Hoshikawa, Takafumi"
1678,NULL,"Tonokatsu, Hideki"
1679,NULL,"Yamaguchi, Takeshi"
1680,NULL,"Ban, Yukiko"
1681,NULL,"Katou, Yasuhisa"
1682,NULL,"Komatsubara, Sei"
1683,NULL,"Moriyasu, Yasunao"
1684,NULL,"Sasaki, Mutsumi"
1685,NULL,"Watabe, Yuuko"
1686,NULL,"Yoshioka, Takao"
1687,NULL,"Studio Kyuuma"
1688,NULL,"Miyazaki, Hayao"
1689,NULL,"Hirota, Shunsuke"
1690,NULL,"Inamura, Takeshi"
1691,NULL,"Inoue, Naohisa"
1692,NULL,"Kagawa, Megumi"
1693,NULL,"Nakamura, Yuriko"
1694,NULL,"Nishikawa, Youichi"
1695,NULL,"Takamatsu, Youhei"
1696,NULL,"Tateno, Hitomi"
1697,NULL,"Tsuru, Norihiro"
1698,NULL,"Yamada, Shinichirou"
1699,NULL,"Yasuda, Michiyo"
1700,NULL,"Studio Ghibli"
1701,NULL,"Japan Home Video"
1702,NULL,"Terashima-Furuta, Maki"
1703,NULL,"Arie, Yuuki"
1704,NULL,"Morioka, Hiroshi"
1705,NULL,"Ishikawa, Mitsuhisa"
1706,NULL,"Ishikawa, Mariko"
1707,NULL,"Kurokawa, Tomoyuki"
1708,NULL,"Maru, Ryoji"
1709,NULL,"Morioka, Hideyuki"
1710,NULL,"Sekiguchi, Kanami"
1711,NULL,"Urahata, Sho"
1712,NULL,"Production I.G"
1713,NULL,"Sasaki, Isao"
1714,NULL,"Kikuchi, Jouji"
1715,NULL,"Kikuchi, Shunsuke"
1716,NULL,"Matsumoto, Leiji"
1717,NULL,"Takayashiki, Hideo"
1718,NULL,"Takeuchi, Yoshio"
1719,NULL,"Barouille, Michel"
1720,NULL,"Columbia Yurikago Kai"
1721,NULL,"Davis, Liliane"
1722,NULL,"Machida, Yoshito"
1723,NULL,"Garcia, Jacques"
1724,NULL,"Haneda, Kentarou"
1725,NULL,"Itou, Yukimatsu"
1726,NULL,"Kobayashi, Shichirou"
1727,NULL,"Koorogi '73"
1728,NULL,"Motoki, Hisatoshi"
1729,NULL,"Nakamura, Ryuutarou"
1730,NULL,"Ogura, Hiromasa"
1731,NULL,"Oohashi, Manabu"
1732,NULL,"Satou, Yutaka"
1733,NULL,"Stevenson, Robert Louis"
1734,NULL,"Takahashi, Hirokata"
1735,NULL,"Tomizawa, Kazuo"
1736,NULL,"Tsurubuchi, Yoshihisa"
1737,NULL,"Yoshikawa, Akira"
1738,NULL,"Tokyo Movie Shinsha"
1739,NULL,"Kawakubo, Keiji"
1740,NULL,"Abe, Nobuyuki"
1741,NULL,"Monchi, Kaori"
1742,NULL,"Suzuki, Eri"
1743,NULL,On-Lead
1744,NULL,PrimeTime
1745,NULL,"Yamashita, Kousuke"
1746,NULL,"Matsushita, Yukihiro"
1747,NULL,"Iwanami, Yoshikazu"
1748,NULL,"Hiramukai, Tomoko"
1749,NULL,"Soeta, Kazuhiro"
1750,NULL,"Tsukushi, Daisuke"
1751,NULL,"Yoshida, Shunji"
1752,NULL,"Yoshimura, Genki"
1753,NULL,"Niidome, Toshiya"
1754,NULL,"Bach, Johann Sebastian"
1755,NULL,"Delint, Alex"
1756,NULL,"Hibiki, Reine"
1757,NULL,"Jitsuhara, Noboru"
1758,NULL,"Katakura, Mikiya"
1759,NULL,"Konno, Oyuki"
1760,NULL,"Matsumura, Masahiro"
1761,NULL,"Matsushima, Akira"
1762,NULL,"Sakamoto, Nobuto"
1763,NULL,"Yamauchi, Kimiko"
1764,NULL,"Rondo Robe"
1765,NULL,"TV Tokyo Music"
1766,NULL,"Kubota, Mitsutoshi"
1767,NULL,"Nakamura, Shinichi"
1768,NULL,"Tanaka, Junichirou"
1769,NULL,"Ooshima, Miku"
1770,NULL,"Kameyama, Toshiki"
1771,NULL,"Itamura, Tomoyuki"
1772,NULL,"Noshitani, Mitsutaka"
1773,NULL,"Tatsuwa, Naoyuki"
1774,NULL,"Tokoro, Tomokazu"
1775,NULL,"Yase, Yuki"
1776,NULL,"Yoshizawa, Toshikazu"
1777,NULL,"Imaizumi, Kenichi"
1778,NULL,Maids
1779,NULL,"Sakamoto, Maaya"
1780,NULL,"Yamashita, Tatsurou"
1781,NULL,"Abe, Genichirou"
1782,NULL,"Abe, Chiaki"
1783,NULL,"Akai, Toshifumi"
1784,NULL,"Anno, Masato"
1785,NULL,"Aohachi, Yoshinobu"
1786,NULL,"Arakaki, Issei"
1787,NULL,"Ariga, Hiromi"
1788,NULL,"Den, Saori"
1789,NULL,"Egami, Rei"
1790,NULL,"Fukui, Akihiro"
1791,NULL,"Hanada, Miho"
1792,NULL,"Hara, Yuuki"
1793,NULL,"Hashiguchi, Hayato"
1794,NULL,"Hibino, Jin"
1795,NULL,"Hoshino, Lily"
1796,NULL,"Ichinose, Yuuri"
1797,NULL,"Iijima, Hisaharu"
1798,NULL,"Iizuka, Youko"
1799,NULL,"Imamura, Ryou"
1800,NULL,"Ishiguro, Masakazu"
1801,NULL,"Ishihara, Mitsuru"
1802,NULL,"Itou, Yoshiaki"
1803,NULL,"Kanetaka, Rika"
1804,NULL,"Kawaguchi, Toshio"
1805,NULL,"Kawashima, Kumiko"
1806,NULL,"Komatsu, Yuuki"
1807,NULL,"Kouda, Tomoki"
1808,NULL,"Maeda, Makoto"
1809,NULL,"Matsumoto, Katsuki"
1810,NULL,"Matsumoto, Genki"
1811,NULL,"Miyai, Kana"
1812,NULL,"Miyamoto, Takeshi"
1813,NULL,"Mukaigawara, Ken"
1814,NULL,"Nagasaka, Keita"
1815,NULL,"Nakajima, Chiaki"
1816,NULL,"Nakajima, Yoshimi"
1817,NULL,"Nakano, Katsuhiro"
1818,NULL,"Nakao, Kanami"
1819,NULL,"Nishida, Miyako"
1820,NULL,"Nozaki, Atsuko"
1821,NULL,"Oishi, Tatsuya"
1822,NULL,"Ookaji, Hiroyuki"
1823,NULL,"Oomori, Hidetoshi"
1824,NULL,"Ootsuka, Mai"
1825,NULL,"Saitou, Yukihiro"
1826,NULL,"Sano, Keiichi"
1827,NULL,"Saruwatari, Seika"
1828,NULL,"Sasaki, Mitsuru"
1829,NULL,"Sasaki, Shirou"
1830,NULL,"Seki, Kazuhiko"
1831,NULL,"Shimizu, Keizou"
1832,NULL,"Shindou, Mitsuo"
1833,NULL,"Shiotsuki, Kazuya"
1834,NULL,"Soga, Atsushi"
1835,NULL,"Sorimachi, Tsukasa"
1836,NULL,"Suzuki, Daisuke"
1837,NULL,"Takahara, Shuuji"
1838,NULL,"Takahashi, Hatsumi"
1839,NULL,"Takayama, Katsuhiko"
1840,NULL,"Takeshita, Miki"
1841,NULL,"Takiyama, Shintetsu"
1842,NULL,"Tanaka, Takahiro"
1843,NULL,"Tanaka, Aya"
1844,NULL,"Tatezaki, Hiroshi"
1845,NULL,"Terao, Kenji"
1846,NULL,"Umehara, Shouta"
1847,NULL,"Wanibuchi, Kazuhiko"
1848,NULL,"Yahiro, Yuuko"
1849,NULL,"Yamamura, Hiroki"
1850,NULL,"Yamauchi, Naoki"
1851,NULL,"Yamazaki, Masakazu"
1852,NULL,"Pony Canyon"
1853,NULL,"flying DOG"
1854,NULL,Memory-Tech
1855,NULL,Shaft
1856,NULL,"Hosoda, Masahiro"
1857,NULL,"Takagi, Jun"
1858,NULL,"Yabe, Akinori"
1859,NULL,"Kawai, Ken"
1860,NULL,"Natori, Shinichi"
1861,NULL,"Onodera, Keiko"
1862,NULL,"Shibata, Ami"
1863,NULL,"Takeuchi, Akira"
1864,NULL,"TV Asahi"
1865,NULL,"Nippon Animation"
1866,NULL,"Tasaka, Hidemasa"
1867,NULL,"Yamazaki, Asuka"
1868,NULL,"Matsutoya, Yumi"
1869,NULL,"Nakajima, Megumi"
1870,NULL,"Abe, Takatoshi"
1871,NULL,"Furukawa, Tomohiro"
1872,NULL,"Iizuka, Haruko"
1873,NULL,"Kuroda, Kouta"
1874,NULL,"Mikami, Yasuhiro"
1875,NULL,"Nakajima, Nobuyuki"
1876,NULL,"Onji, Masayuki"
1877,NULL,"Oomori, Rie"
1878,NULL,"Samukawa, Ayumi"
1879,NULL,"Tajiri, Kenichi"
1880,NULL,"Takihara, Miki"
1881,NULL,"Tsunaki, Aki"
1882,NULL,"Yasutome, Masaya"
1883,NULL,"TYO Animations"
1884,NULL,BIGLOBE
1885,NULL,RAY
1886,NULL,"Furuse, Noboru"
1887,NULL,"Masuda, Chieko"
1888,NULL,"Shintani, Kaoru"
1889,NULL,"Shouji, Masahiro"
1890,NULL,"Wada, Izumi"
1891,NULL,"Victor Entertainment"
1892,NULL,"Studio Signal"
1893,NULL,"Ooyoshi, Makoto"
1894,NULL,"Matsuo, Kou"
1895,NULL,"Shibata, Katsunori"
1896,NULL,"Hosono, Shuuhei"
1897,NULL,"Ikeda, Yasutaka"
1898,NULL,"Katayama, Kentarou"
1899,NULL,"Kojima, Takashi"
1900,NULL,"Koyasu, Hideaki"
1901,NULL,"Lee, Mi-Yeong"
1902,NULL,"Matsumoto, Kentaro"
1903,NULL,"Muramatsu, Ken"
1904,NULL,"Takanashi, Emi"
1905,NULL,"Watanabe, Takashi"
1906,NULL,"Yamamoto, Yamato"
1907,NULL,"Brain's Base"
1908,NULL,"Tezuka, Osamu"
1909,NULL,"Yabushita, Taiji"
1910,NULL,"Sumisawa, Katsuyuki"
1911,NULL,"Daikuhara, Akira"
1912,NULL,"Dark Ducks"
1913,NULL,"Hikone, Norio"
1914,NULL,"Nagasawa, Makoto"
1915,NULL,"Okuyama, Reiko"
1916,NULL,Rintarou
1917,NULL,"Sugii, Gisaburou"
1918,NULL,"Yokomatsu, Norihiko"
1919,NULL,"Saitou, Yuuichirou"
1920,NULL,"Hosoda, Mamoru"
1921,NULL,"Okudera, Satoko"
1922,NULL,"Aoyama, Hiroyuki"
1923,NULL,"Fukuda, Michio"
1924,NULL,"Hamada, Kunihiko"
1925,NULL,"Hamada, Takayuki"
1926,NULL,"Hashimoto, Kazuyuki"
1927,NULL,"Hata, Ayako"
1928,NULL,"Hori, Takafumi"
1929,NULL,"Itou, Tomohiko"
1930,NULL,"Itou, Yoshiyuki"
1931,NULL,"Iwai, Kyohei"
1932,NULL,"Iwakuma, Akane"
1933,NULL,"Kamata, Chikako"
1934,NULL,"Konno, Yasuyuki"
1935,NULL,"Makihara, Ryoutarou"
1936,NULL,"Masunaga, Keisuke"
1937,NULL,"Matsuda, Soichiro"
1938,NULL,"Matsumoto, Akihiko"
1939,NULL,"McFarland, Mike"
1940,NULL,"Min, Hong Yi"
1941,NULL,"Minowa, Hiroko"
1942,NULL,"Miyazawa, Yasunori"
1943,NULL,"Mukouda, Takashi"
1944,NULL,"Muratani, Takashi"
1945,NULL,"Nagasaki, Hitoshi"
1946,NULL,"Nakatsuru, Katsuyoshi"
1947,NULL,"Nakura, Yasuhiro"
1948,NULL,"Nishida, Tatsuzou"
1949,NULL,"Oga, Kazuo"
1950,NULL,"Okazaki, Takashi"
1951,NULL,"Ozaki, Kazutaka"
1952,NULL,"Reuilhac, Régis"
1953,NULL,"Sadamoto, Yoshiyuki"
1954,NULL,"Shimoyama, Tomohisa"
1955,NULL,"Takano, Aya"
1956,NULL,"Takeshige, Youji"
1957,NULL,"Takino, Mami"
1958,NULL,"Uratani, Chie"
1959,NULL,"Vega, Karla"
1960,NULL,"Yokoyama, Akitoshi"
1961,NULL,"Yoshioka, Seiko"
1962,NULL,VAP
1963,NULL,"Yomiuri Telecasting"
1964,NULL,"Kadokawa Shoten"
1965,NULL,"Warner Bros. Japan"
1966,NULL,"Arakawa, Naruhisa"
1967,NULL,"Watanabe, Momo"
1968,NULL,"Miyamae, Mitsuharu"
1969,NULL,"Nagamachi, Hideki"
1970,NULL,"Ooshima, Miwa"
1971,NULL,"Sahashi, Toshihiko"
1972,NULL,"Watanabe, Kazuo"
1973,NULL,m.o.e.
1974,NULL,Imagin
1975,NULL,"Studio Live"
1976,NULL,"Beniya, Yoshikazu"
1977,NULL,"Kawase, Kouhei"
1978,NULL,"Matsukura, Yuuji"
1979,NULL,"Asami, Matsuo"
1980,NULL,"Takashima, Daisuke"
1981,NULL,KOTOKO
1982,NULL,"Kawada, Mami"
1983,NULL,"Nakazawa, Tomoyuki"
1984,NULL,"Arai, Jun"
1985,NULL,"Fukuyo, Shingo"
1986,NULL,"Itou, Yukiko"
1987,NULL,"Kawakami, Nobuhiko"
1988,NULL,"Koyama, Yasumasa"
1989,NULL,"Mizuno, Ryou"
1990,NULL,"Naitou, Ryu"
1991,NULL,"Tanigawa, Masaki"
1992,NULL,"Geneon Universal Entertainment"
1993,NULL,"Kawajiri, Yoshiaki"
1994,NULL,"Kimiya, Shigeru"
1995,NULL,"Matsumura, Yasuhiro"
1996,NULL,"Enatsu, Yuki"
1997,NULL,"Fudeyasu, Kazuyuki"
1998,NULL,"Urahata, Tatsuhiko"
1999,NULL,"Andou, Masahiro"
2000,NULL,"Satou, Yuuzou"
2001,NULL,"Yamamoto, Sayo"
2002,NULL,"An, Mi Kyoung"
2003,NULL,"Artaux, Cyrille"
2004,NULL,"Banno, Masayoshi"
2005,NULL,"Byun, Eun Soon"
2006,NULL,"Choi, Hui-Eun"
2007,NULL,"Hashimoto, Hideki"
2008,NULL,"Heo, Hye-jung"
2009,NULL,"Hirata, Shuuichi"
2010,NULL,"Honda, Tatsuo"
2011,NULL,"Hwang, Su-Jin"
2012,NULL,"Imai, Kazuaki"
2013,NULL,"Ishikawa, Yamako"
2014,NULL,"Kanemori, Yoshinori"
2015,NULL,"Katayama, Yuko"
2016,NULL,"Katou, Rika"
2017,NULL,"Kawasaki, Hirotsugu"
2018,NULL,"Kita, Hideaki"
2019,NULL,"Ko, Hyo Soon"
2020,NULL,"Kobayashi, Yuuko"
2021,NULL,"Lee, Dong-Uk"
2022,NULL,"Matsuoka, Kenji"
2023,NULL,"Murai, Takashi"
2024,NULL,"Nagano, Miharu"
2025,NULL,"Nakamura, Mariko"
2026,NULL,"Nakano, Norikatsu"
2027,NULL,"Nishima, Takafumi"
2028,NULL,"Noguchi, Konomi"
2029,NULL,"Ozeki, Miyabi"
2030,NULL,"Park, Yong Il"
2031,NULL,"Park, Hyun A"
2032,NULL,"Sasagawa, Mari"
2033,NULL,"Satou, Naoki"
2034,NULL,"Sawaguchi, Aki"
2035,NULL,"Takagi, Shinichirou"
2036,NULL,"Tokura, Eiichi"
2037,NULL,"Tsuzuki, Yukako"
2038,NULL,"Ueno, Hideyuki"
2039,NULL,"Yashiro, Kimiko"
2040,NULL,"You, Choong Hyun"
2041,NULL,d-rights
2042,NULL,chara-ani.com
2043,NULL,"Maru Production"
2044,NULL,"Mutaguchi, Hiroki"
2045,NULL,"Front Line"
2046,NULL,"Studio G-1Neo"
2047,NULL,"Ikehata, Takashi"
2048,NULL,"Aketagawa, Jin"
2049,NULL,"Mizushima, Tsutomu"
2050,NULL,"Minakami, Seishi"
2051,NULL,"Sunayama, Kurasumi"
2052,NULL,"Takayama, Fumihiko"
2053,NULL,"Yamada, Yasunori"
2054,NULL,CooRie
2055,NULL,Sae
2056,NULL,rino
2057,NULL,"Andou, Tomomi"
2058,NULL,"Ishihama, Masashi"
2059,NULL,"Itoman, Akira"
2060,NULL,"Iwakura, Kazunori"
2061,NULL,"Maki, Taro"
2062,NULL,"Natsume, Shingo"
2063,NULL,"Otani, Kow"
2064,NULL,"Shiki, Satoshi"
2065,NULL,Genco
2066,NULL,"Toshiba Entertainment"
2067,NULL,"Masunari, Koji"
2068,NULL,"Kikuta, Hiromi"
2069,NULL,"Oota, Hiromitsu"
2070,NULL,"Shirane, Hideki"
2071,NULL,"Kuzuya, Naoyuki"
2072,NULL,"Funayama, Motoki"
2073,NULL,"Tange, Sakura"
2074,NULL,"Ishikura, Keiichi"
2075,NULL,"Kawaguchi, Tooru"
2076,NULL,"Kurata, Hideyuki"
2077,NULL,"Kuroda, Yousuke"
2078,NULL,"Matsuo, Hiroshi"
2079,NULL,"Noujou, Yoshiyuki"
2080,NULL,"Shimizu, Toshimitsu"
2081,NULL,"animate Film"
2082,NULL,"Group TAC"
2083,NULL,Animaruya
2084,NULL,"Nunokawa, Yuuji"
2085,NULL,"Toriumi, Hisayuki"
2086,NULL,"Bickham, Clint"
2087,NULL,MIQ
2088,NULL,"Kaneko, Hitoshi"
2089,NULL,"Ledford, John"
2090,NULL,"Nitta, Ichirou"
2091,NULL,"O'Donnell, John"
2092,NULL,"Okada, Toshiyasu"
2093,NULL,"Okuno, Toshiaki"
2094,NULL,"Yamada, Katsuhisa"
2095,NULL,"Honda, Yasunori"
2096,NULL,"Fukushima, Hiroyuki"
2097,NULL,"Ishikawa, Kinichi"
2098,NULL,"Itou, Yutaka"
2099,NULL,"Kanai, Jirou"
2100,NULL,"Katou, Shouji"
2101,NULL,"Kouno, Ryou"
2102,NULL,"Kunitomo, Yasuyuki"
2103,NULL,"Nagashima, Youko"
2104,NULL,"Okamura, Tensai"
2105,NULL,"Takei, Masaki"
2106,NULL,"Yamakawa, Akira"
2107,NULL,"Kageyama, Shigenori"
2108,NULL,"Hirokawa, Shuuichi"
2109,NULL,"Katsumata, Geki"
2110,NULL,"Moriyama, Yuuji"
2111,NULL,"Obara, Shouhei"
2112,NULL,AIC
2113,NULL,"Studio Hakk"
2114,NULL,"Iuchi, Shuji"
2115,NULL,"Kobayashi, Katsuyoshi"
2116,NULL,"Urakami, Yasuo"
2117,NULL,"Harada, Nana"
2118,NULL,"Araki, Kenichi"
2119,NULL,"Egami, Kiyoshi"
2120,NULL,"Watanabe, Shinichirou"
2121,NULL,"Yatate, Hajime"
2122,NULL,"Fukazawa, Manabu"
2123,NULL,"Kamimura, Sachiko"
2124,NULL,"Murase, Shukou"
2125,NULL,"Nakamori, Ito"
2126,NULL,"Nakamura, Akira"
2127,NULL,"Namura, Hidetoshi"
2128,NULL,"Noto, Takashi"
2129,NULL,"Senju, Akira"
2130,NULL,"Shimogasa, Miho"
2131,NULL,"Ochi, Koujin"
2132,NULL,"Isako, Kiyotaka"
2133,NULL,"Fukuyama, Jun"
2134,NULL,"Itou, Kentarou"
2135,NULL,"Kishio, Daisuke"
2136,NULL,"Miyano, Mamoru"
2137,NULL,"Morita, Masakazu"
2138,NULL,"Quintet, Stella"
2139,NULL,"Taniyama, Kishou"
2140,NULL,"Fujioka, Maki"
2141,NULL,"Kure, Yuki"
2142,NULL,"Oono, Kazuhisa"
2143,NULL,"Shibata, Chikako"
2144,NULL,"Takamura, Kazuhiro"
2145,NULL,Koei
2146,NULL,"Yumeta Company"
2147,NULL,"Kitamura, Kazuto"
2148,NULL,"Fukura, Kei"
2149,NULL,"Kachi, Hideyuki"
2150,NULL,"Yamada, Noboru"
2151,NULL,"Abe, Noriyuki"
2152,NULL,"Enomoto, Akihiro"
2153,NULL,"Koshiba, Junya"
2154,NULL,"Matsuura, Johei"
2155,NULL,"Nishimura, Satoshi"
2156,NULL,"Shimoda, Masami"
2157,NULL,"Bernardes, Nil"
2158,NULL,"D'Avena, Cristina"
2159,NULL,"Komatsu, Rika"
2160,NULL,"Nakajima, Saki"
2161,NULL,"Reshef, Michal"
2162,NULL,"Asano, Katsuya"
2163,NULL,"Ashino, Yoshiharu"
2164,NULL,"Chiba, Takahiro"
2165,NULL,"Doi, Noriyoshi"
2166,NULL,"Ikumi, Mia"
2167,NULL,"Imoto, Kazuaki"
2168,NULL,"Jeon, Keuk Sun"
2169,NULL,"Kahn, Alfred R."
2170,NULL,"Kawamura, Akio"
2171,NULL,"Kitamura, Tomoyuki"
2172,NULL,"Kitayama, Mari"
2173,NULL,"Komori, Atsushi"
2174,NULL,"Kudou, Masashi"
2175,NULL,"Mutou, Akiko"
2176,NULL,"Nakamori, Ryouji"
2177,NULL,"Nihei, Yuuichi"
2178,NULL,"Nii, Manabu"
2179,NULL,"Okamura, Katsusuke"
2180,NULL,"Onishi, Masaya"
2181,NULL,"Sakurai, Chikara"
2182,NULL,"Sawatani, Kenta"
2183,NULL,"Shimizu, Tomoyuki"
2184,NULL,"Shimizu, Katsunori"
2185,NULL,"Sogo, Masashi"
2186,NULL,"Takahashi, Shinobu"
2187,NULL,"Uematsu, Junichi"
2188,NULL,"Usui, Mayu"
2189,NULL,"Wayland, Tom"
2190,NULL,"Yabuno, Koji"
2191,NULL,"TV Aichi"
2192,NULL,"Tokyu Agency"
2193,NULL,"We've Inc."
2194,NULL,"Muroi, Fumie"
2195,NULL,"Kameyama, Koichiro"
2196,NULL,"Kaneko, Hidetoshi"
2197,NULL,"Kuwabara, Mizuna"
2198,NULL,"Yonebayashi, Hiromasa"
2199,NULL,"Suzuki, Toshio"
2200,NULL,"Morishita, Katsuji"
2201,NULL,"Oshii, Mamoru"
2202,NULL,"Kusumi, Naoko"
2203,NULL,"Nishikubo, Mizuho"
2204,NULL,"Pannetier, Jean-Marc"
2205,NULL,"Abe, Nagisa"
2206,NULL,"Andou, Masashi"
2207,NULL,"Asano, Kyouji"
2208,NULL,"Epcar, Richard"
2209,NULL,"Ezura, Hisashi"
2210,NULL,"Hashimoto, Shinji"
2211,NULL,"Hiramatsu, Tadashi"
2212,NULL,"Inoue, Ei"
2213,NULL,"Itou, Nobutake"
2214,NULL,"Itou, Hidetsugu"
2215,NULL,"Kai, Masatoshi"
2216,NULL,"Kamei, Kanta"
2217,NULL,"Kikuchi, Katsuya"
2218,NULL,"Komatsuda, Daizen"
2219,NULL,"Konishi, Kenichi"
2220,NULL,"Kubota, Yasutaka"
2221,NULL,"Miki, Sachiko"
2222,NULL,"Nakamura, Hideki"
2223,NULL,"Nishio, Tetsuya"
2224,NULL,"Ohira, Shinya"
2225,NULL,"Okiura, Hiroyuki"
2226,NULL,"Ookubo, Tooru"
2227,NULL,"Seymour, Kevin"
2228,NULL,"Shimizu, Manabu"
2229,NULL,"Shiotani, Naoyoshi"
2230,NULL,"Suzuki, Akira"
2231,NULL,"Takeuchi, Shiho"
2232,NULL,"Terashima, Makiko"
2233,NULL,"Utsunomiya, Satoru"
2234,NULL,"Watabe, Takashi"
2235,NULL,"Yahagi, Toshiyuki"
2236,NULL,"Yamashita, Masahito"
2237,NULL,"Yokota, Shinichi"
2238,NULL,"Yusa, Kumiko"
2239,NULL,Dentsu
2240,NULL,"Tokuma Shoten"
2241,NULL,"Saeki, Shouji"
2242,NULL,"Iida, Satoki"
2243,NULL,"Fujita, Saki"
2244,NULL,"Makino, Yui"
2245,NULL,"Ohashi, Ayuru"
2246,NULL,"Takamori, Natsumi"
2247,NULL,"Tateno, Kanako"
2248,NULL,"Hiraki, Daisuke"
2249,NULL,"Ibata, Shouta"
2250,NULL,"Iseki, Shuuichi"
2251,NULL,"Kouno, Megumi"
2252,NULL,"Ogawa, Mamio"
2253,NULL,"Okuda, Ijou"
2254,NULL,"Onoda, Masahito"
2255,NULL,"Sakamoto, Masaru"
2256,NULL,"Sannomiya, Shouta"
2257,NULL,"Takeda, Yasuhiro"
2258,NULL,"Tokunaga, Sayaka"
2259,NULL,"Tsutsumi, Mai"
2260,NULL,"Yamada, Toyonori"
2261,NULL,"Yoneyama, Mai"
2262,NULL,"Yoshimura, Chie"
2263,NULL,"Dentsu Razorfish"
2264,NULL,"Dentsu Tec"
2265,NULL,SUBARU
2266,NULL,Gainax
2267,NULL,"Haruno, Akebi"
2268,NULL,"Five Ways"
2269,NULL,Meltdown
2270,NULL,"Amano, Yoshitaka"
2271,NULL,"Hisaishi, Joe"
2272,NULL,"Murakami, Masahiro"
2273,NULL,"Tsuda, Yoshizou"
2274,NULL,Artmic
2275,NULL,"Minami, Masahiko"
2276,NULL,"Ueda, Masuo"
2277,NULL,"Mori, Kunihiro"
2278,NULL,"Handler, Marc"
2279,NULL,"Nobumoto, Keiko"
2280,NULL,"Irie, Yasuhiro"
2281,NULL,"Komori, Takahiro"
2282,NULL,"Nakamura, Yutaka"
2283,NULL,"Ramayya, Raj"
2284,NULL,"Yamane, Mai"
2285,NULL,"Abo, Takao"
2286,NULL,"Amano, Naoki"
2287,NULL,"Eguchi, Hisashi"
2288,NULL,"Ficher, Miriam"
2289,NULL,"Gammino, Michele"
2290,NULL,"Gibert, Guylaine"
2291,NULL,"Hasegawa, Takuya"
2292,NULL,"Hashi, Katsuhiro"
2293,NULL,"Imakake, Isamu"
2294,NULL,"Itano, Ichirou"
2295,NULL,"Itou, Ryouta"
2296,NULL,"Itou, Takeshi"
2297,NULL,"Kamoshida, Nao"
2298,NULL,"Kanno, Yoko"
2299,NULL,"Katayama, Yumiko"
2300,NULL,"Kawamori, Shouji"
2301,NULL,"Kim, Mi Kyoung"
2302,NULL,"Kurakari, Shingo"
2303,NULL,"Lee, Hyun Mi"
2304,NULL,"Matsuda, Tetsuaki"
2305,NULL,"Matsumoto, Hiroki"
2306,NULL,"Matthew, Scott"
2307,NULL,"McGlynn, Mary Elizabeth"
2308,NULL,"Mitsunaka, Susumu"
2309,NULL,"Morikawa, Atsushi"
2310,NULL,"Morishita, Hiromitsu"
2311,NULL,"Muraki, Yasushi"
2312,NULL,"Murata, Mutsuaki"
2313,NULL,"Murata, Mutsumi"
2314,NULL,"Nakano, Keiya"
2315,NULL,"Nakayama, Shihoko"
2316,NULL,"Onoda, Takayuki"
2317,NULL,"Oogami, Youichi"
2318,NULL,"Patiño, Marcos"
2319,NULL,"Saitou, Tsunenori"
2320,NULL,"Sakai, Tsuyoshi"
2321,NULL,"Sakamoto, Chiyoko"
2322,NULL,"Sakurai, Tsukasa"
2323,NULL,Seatbelts
2324,NULL,"Suzuki, Norimitsu"
2325,NULL,"Takeuchi, Hiroshi"
2326,NULL,"Tomioka, Takashi"
2327,NULL,"Tsuru, Toshiyuki"
2328,NULL,"Yokota, Kazuhiko"
2329,NULL,"Yoshida, Kenichi"
2330,NULL,"Yoshino, Mitsuo"
2331,NULL,Bones
2332,NULL,"Hattori, Katsuhisa"
2333,NULL,"Saitou, Masami"
2334,NULL,"Seya, Shinji"
2335,NULL,"Tezuka Productions"
2336,NULL,"Nakatani, Toshio"
2337,NULL,"Kobayashi, Mikiko"
2338,NULL,"Okawa, Toshimichi"
2339,NULL,"Harada, Tomoyo"
2340,NULL,"Aoki, Mariko"
2341,NULL,"Fujii, Fumino"
2342,NULL,"Fujimoto, Suzuko"
2343,NULL,"Hirayama, Satoshi"
2344,NULL,"Iijima, Yukiko"
2345,NULL,"Kawahara, Kumiko"
2346,NULL,"Komito, Yukiyo"
2347,NULL,"Mogi, Shinjirou"
2348,NULL,"Nasukawa, Mitsuru"
2349,NULL,"Noguchi, Tatsuo"
2350,NULL,"Oono, Yuuji"
2351,NULL,"Sano, Yuriko"
2352,NULL,"Satou, Motoaki"
2353,NULL,"Suzuki, Fujio"
2354,NULL,"Tokumoto, Yoshinobu"
2355,NULL,"Tsubota, Shintarou"
2356,NULL,"Tsukamoto, Ayumu"
2357,NULL,"Yamatani, Naoto"
2358,NULL,"Yanase, Jouji"
2359,NULL,"Yoda, Masahiko"
2360,NULL,"Tohokushinsha Film Corporation"
2361,NULL,"A-1 Pictures"
2362,NULL,"Shura, Tooru"
2363,NULL,"Suginami, Daifuku"
2364,NULL,"Tokiwa, Shouji"
2365,NULL,"Yagi, Saori"
2366,NULL,"Habara, Nobuyoshi"
2367,NULL,"Kajitani, Mitsuharu"
2368,NULL,"Kanemura, Katsuyoshi"
2369,NULL,"Maekawa, Takeshi"
2370,NULL,"Motohashi, Hideyuki"
2371,NULL,"Oonuki, Kenichi"
2372,NULL,"Shida, Naotoshi"
2373,NULL,"Takegami, Junki"
2374,NULL,"Takeuchi, Nobuyuki"
2375,NULL,"Tsurumaki, Kazuya"
2376,NULL,"Tsuruyama, Osamu"
2377,NULL,"Wakakusa, Kei"
2378,NULL,TOHO
2379,NULL,"Production Reed"
2380,NULL,"Ashi Productions"
2381,NULL,"Koshi, Shigeo"
2382,NULL,"Saitou, Hiroshi"
2383,NULL,"Gibert, Guy"
2384,NULL,"Kaneko, Yutaka"
2385,NULL,"Okuda, Seiji"
2386,NULL,"D'Avena, Cristina"
2387,NULL,"Oosugi, Kumiko"
2388,NULL,"Gibert, Josiane"
2389,NULL,"Kawamoto, Shouhei"
2390,NULL,"Okayasu, Hajime"
2391,NULL,"Svoboda, Karel"
2392,NULL,"Abe, Shoujirou"
2393,NULL,"Oosawa, Nobuhiro"
2394,NULL,"Hatakeyama, Takurou"
2395,NULL,"Murai, Sadayuki"
2396,NULL,"Maeda, Ai"
2397,NULL,"Shimokawa, Mikuni"
2398,NULL,"Haneda, Kouji"
2399,NULL,"Kagawa, Hisashi"
2400,NULL,"Kondou, Takamitsu"
2401,NULL,"Kuroboshi, Kouhaku"
2402,NULL,"Mutou, Masatoshi"
2403,NULL,"Sakai, Ryou"
2404,NULL,"Sigsawa, Keiichi"
2405,NULL,"Suga, Shigeyuki"
2406,NULL,"Taki, Gorou"
2407,NULL,A.C.G.T.
2408,NULL,"Arias, Michael"
2409,NULL,"Takeuchi, Hiroaki"
2410,NULL,"Tanaka, Eiko"
2411,NULL,"Chung, Peter"
2412,NULL,"Futamura, Hideki"
2413,NULL,"Maeda, Mahiro"
2414,NULL,"Morimoto, Kouji"
2415,NULL,"Fletcher, Jack"
2416,NULL,"Fukushima, Atsuko"
2417,NULL,"Ina, Ryoko"
2418,NULL,"Kobayashi, Osamu"
2419,NULL,"Minowa, Yutaka"
2420,NULL,"Murao, Minoru"
2421,NULL,"Nakayama, Daisuke"
2422,NULL,"Nakazawa, Kazuto"
2423,NULL,"Nomura, Kazuya"
2424,NULL,"Oda, Gosei"
2425,NULL,"Onda, Naoyuki"
2426,NULL,"Ooshita, Kyuuma"
2427,NULL,"Tazawa, Ushio"
2428,NULL,"Tokura, Norimoto"
2429,NULL,"Marvelous Entertainment"
2430,NULL,"Digital Network Animation"
2431,NULL,"Square Pictures"
2432,NULL,"Yukimuro, Shunichi"
2433,NULL,"Komatsubara, Kazuo"
2434,NULL,"Nagashima, Shinji"
2435,NULL,"Masaki, Shinichi"
2436,NULL,"Maruo, Miho"
2437,NULL,can/goo
2438,NULL,"Fujii, Maki"
2439,NULL,"Furumiya, Rie"
2440,NULL,"Satou, Harumi"
2441,NULL,"Yoshizumi, Wataru"
2442,NULL,"Kamiya, Akira"
2443,NULL,"Hara, Yutaka"
2444,NULL,"Oono, Hiroshi"
2445,NULL,"Oppata, Tadashi"
2446,NULL,"Suwa, Michihiko"
2447,NULL,"Kodama, Kenji"
2448,NULL,B'z
2449,NULL,"Aoyama, Gosho"
2450,NULL,"Ike, Nobutaka"
2451,NULL,"Iriyoshi, Satoru"
2452,NULL,"Latino, Maurice"
2453,NULL,"Masuda, Hirofumi"
2454,NULL,"Masuda, Nobuhiro"
2455,NULL,"Ono, Katsuo"
2456,NULL,"Shiba, Minako"
2457,NULL,"Shibutani, Yukihiro"
2458,NULL,"Shimizu, Yoshiharu"
2459,NULL,"Sudou, Masatomo"
2460,NULL,"Yamamoto, Yasuichiro"
2461,NULL,"Takakuwa, Hajime"
2462,NULL,"Fukuta, Jun"
2463,NULL,"Chiba, Hiroyuki"
2464,NULL,HOOKSOFT
2465,NULL,"Iwase, Eiji"
2466,NULL,"Kaneko, Hayato"
2467,NULL,"Kohata, Miyuki"
2468,NULL,"Ooba, Sachiko"
2469,NULL,"Yamashita, Noriko"
2470,NULL,Rikuentai
2471,NULL,"Edogawa, Sanpo"
2472,NULL,"Hayakawa, Naomi"
2473,NULL,"G.P Entertainment"
2474,NULL,"Kosao, Shunichi"
2475,NULL,"Fujimoto, Yoshitaka"
2476,NULL,"Ishidou, Hiroyuki"
2477,NULL,"Kondou, Nobuhiro"
2478,NULL,"Yokota, Kazuyoshi"
2479,NULL,"Kamata, Hidemi"
2480,NULL,GLAY
2481,NULL,Yoshiki
2482,NULL,"Abe, Taisaburou"
2483,NULL,"Hisoi, Nobuhiro"
2484,NULL,"Hosoi, Nobuhiro"
2485,NULL,"Matsumiya, Masazumi"
2486,NULL,"Ohata, Koichi"
2487,NULL,"Shimazu, Ikuo"
2488,NULL,"Yamamori, Shigeyuki"
2489,NULL,"Yamashita, Toshinari"
2490,NULL,"Yoshida, Tooru"
2491,NULL,"Yuuki, Masami"
2492,NULL,SID
2493,NULL,"Toboso, Yana"
2494,NULL,"Sabat, Christopher"
2495,NULL,"Watson, Barry"
2496,NULL,"Hazan, Danièle"
2497,NULL,"Masahiko, Arai"
2498,NULL,"Nakamura, Takashi"
2499,NULL,"Saito, Noriaki"
2500,NULL,"Strait, Sonny"
2501,NULL,"Sugino, Sachiko"
2502,NULL,"Takaya, Hirotoshi"
2503,NULL,"Yokote, Hiroto"
2504,NULL,"Yonemura, Shouji"
2505,NULL,"Oohashi, Yoshimitsu"
2506,NULL,"Takahashi, Ryousuke"
2507,NULL,"Fujino, Sadayoshi"
2508,NULL,"Endou, Hirotaka"
2509,NULL,"Hayashi, Naotaka"
2510,NULL,"Suzuki, Yasuyuki"
2511,NULL,"Kuwabara, Satoshi"
2512,NULL,"Miyaji, Masayuki"
2513,NULL,"Shigeta, Atsushi"
2514,NULL,"Suzuki, Tatsuya"
2515,NULL,FictionJunction
2516,NULL,"Nanri, Yuuka"
2517,NULL,"Abiko, Eiji"
2518,NULL,"Akimoto, Katsumi"
2519,NULL,"Ayres, Christopher"
2520,NULL,"Fukasawa, Hideyuki"
2521,NULL,"Higuchi, Kazunori"
2522,NULL,"Igarashi, Naoko"
2523,NULL,"Inose, Fujio"
2524,NULL,"Ishikawa, Chiaki"
2525,NULL,"Kaneshima, Kunio"
2526,NULL,"Koiso, Sayaka"
2527,NULL,"Kouno, Jirou"
2528,NULL,"Kozaki, Yuusuke"
2529,NULL,"Nagatani, Takayuki"
2530,NULL,"Nomura, Tatsuya"
2531,NULL,"Okuda, Atsushi"
2532,NULL,"Satou, Akira"
2533,NULL,"Shibuya, Kazuhiko"
2534,NULL,"Suzuki, Takako"
2535,NULL,"Suzuki, Takuya"
2536,NULL,"Tachimoto, Yuu"
2537,NULL,"Takemori, Yuka"
2538,NULL,"Toya, Masaru"
2539,NULL,"Uchida, Kenji"
2540,NULL,"Yamano, Masaaki"
2541,NULL,"Koyama, Takao"
2542,NULL,"Nishio, Daisuke"
2543,NULL,"Oohara, Morihito"
2544,NULL,"Toriyama, Akira"
2545,NULL,"Ueno, Hiroyuki"
2546,NULL,"Miya, Shigeyuki"
2547,NULL,"Akashi, Seiko"
2548,NULL,"Fujii, Nozomu"
2549,NULL,"Gotou, Keisuke"
2550,NULL,"Ishimoto, Eiji"
2551,NULL,"Kamata, Hitoshi"
2552,NULL,"Komino, Masahiko"
2553,NULL,"Kubo, Kimiko"
2554,NULL,"Maruyama, Shuuji"
2555,NULL,"Murata, Mitsunori"
2556,NULL,"Nishimura, Takayo"
2557,NULL,"Takada, Akira"
2558,NULL,"Takada, Saburou"
2559,NULL,"Studio Jack"
2560,NULL,"Hamada, Kingo"
2561,NULL,"Takanori, Yoko"
2562,NULL,"Waki, Takeshi"
2563,NULL,Sofix
2564,NULL,"Serikawa, Yuugo"
2565,NULL,"Tamiya, Takeshi"
2566,NULL,"Iijima, Masakatsu"
2567,NULL,"Yamayoshi, Yasuo"
2568,NULL,"Gatineau, Michel"
2569,NULL,"D'Avena, Cristina"
2570,NULL,"Komori, Akihiro"
2571,NULL,"Chiba, Hideo"
2572,NULL,"Tanaka, Hideyuki"
2573,NULL,"Kuroda, Akimi"
2574,NULL,"Orc Soft"
2575,NULL,G-Lam
2576,NULL,"Akiyama, Katsuhito"
2577,NULL,"Yoshihara, Rieko"
2578,NULL,"Takahashi, Tetsuya"
2579,NULL,"Lauda, Brittany"
2580,NULL,"Michihara, Katsumi"
2581,NULL,"Oouchi, Aya"
2582,NULL,KENMedia
2583,NULL,"Batow, Zhiemay"
2584,NULL,"Fuse, Yasuyuki"
2585,NULL,"Kano, Akira"
2586,NULL,"Studio Nem"
2587,NULL,"BEAM Entertainment"
2588,NULL,"Ripple Film"
2589,NULL,Aim
2590,NULL,Yoshi.Hoka
2591,NULL,"Digital Works"
2592,NULL,Y.O.U.C
2593,NULL,"Sekimachi, Taifuu"
2594,NULL,"Murakami, Teruaki"
2595,NULL,Ail
2596,NULL,"Ishii, Kazuhiko"
2597,NULL,"Kimura, Takeshi"
2598,NULL,"Ogawa, Tamotsu"
2599,NULL,"Raika, Ken"
2600,NULL,"PP Project"
2601,NULL,"Hata, Masami"
2602,NULL,"Hayashi, Masayuki"
2603,NULL,"Nishimaki, Hideo"
2604,NULL,"Tomino, Yoshiyuki"
2605,NULL,"Itou, Tsunehisa"
2606,NULL,"Miyata, Kiyoshi"
2607,NULL,"Bitou, Isao"
2608,NULL,"Terayama, Shuuji"
2609,NULL,"Yagi, Masao"
2610,NULL,"Akashi, Teiichi"
2611,NULL,"Araki, Shingo"
2612,NULL,"Chiba, Tetsuya"
2613,NULL,"Kajiwara, Ikki"
2614,NULL,"Matsuura, Noriyoshi"
2615,NULL,"Mukuo, Takamura"
2616,NULL,"Watanabe, Takeshi"
2617,NULL,"Kuri, Ippei"
2618,NULL,"Horie, Mitsuko"
2619,NULL,"Shimazaki, Yuri"
2620,NULL,"Koshibe, Nobuyoshi"
2621,NULL,"Suda, Masami"
2622,NULL,"Tanaka, Eiji"
2623,NULL,"Fukumoto, Takashi"
2624,NULL,"Kimura, Taku"
2625,NULL,"Nishimori, Akira"
2626,NULL,"Hasegawa, Nahoko"
2627,NULL,"Abe, Munetaka"
2628,NULL,"Aramaki, Shinji"
2629,NULL,"Honma, Akimitsu"
2630,NULL,"Nakayama, Kumiko"
2631,NULL,"Nangou, Youichi"
2632,NULL,"Mutou, Yuuji"
2633,NULL,"Masui, Souichi"
2634,NULL,"Kouda, Kumi"
2635,NULL,"Akagi, Hiroaki"
2636,NULL,"Arakawa, Toshiyuki"
2637,NULL,"Fujimoto, Michiko"
2638,NULL,"Hariganeya, Hideo"
2639,NULL,"Hasegawa, Tetsuya"
2640,NULL,"Hayashi, Shizuka"
2641,NULL,"Koga, Tooru"
2642,NULL,"Kusumoto, Yuuya"
2643,NULL,"Matsumoto, Masako"
2644,NULL,"Matsushita, Hiromi"
2645,NULL,"Morimoto, Shigeru"
2646,NULL,"Numai, Nobuo"
2647,NULL,"Okada, Maiko"
2648,NULL,"Ooshiro, Masaru"
2649,NULL,"Senami, Riri"
2650,NULL,"Sueyoshi, Yuuichirou"
2651,NULL,"Suzuki, Kenichi"
2652,NULL,"Taira, Arisa"
2653,NULL,"Takanuki, Chizu"
2654,NULL,"Uemura, Jun"
2655,NULL,"Usui, Yoshito"
2656,NULL,"Yamaguchi, Akiko"
2657,NULL,"Yoshida, Masayuki"
2658,NULL,"Ishida, Tooru"
2659,NULL,"Yamaguchi, Mihiro"
2660,NULL,"Nishimoto, Yukio"
2661,NULL,"Tokairin, Shinichi"
2662,NULL,"Abe, Miyuki"
2663,NULL,"Imaizumi, Hideki"
2664,NULL,"Iwataki, Satoshi"
2665,NULL,"Kanazawa, Hidemi"
2666,NULL,"Kimizuka, Katsunori"
2667,NULL,"Komuro, Tetsuya"
2668,NULL,"Tsuneki, Shinobu"
2669,NULL,"Watabe, Keisuke"
2670,NULL,"Yoshikawa, Shinichi"
2671,NULL,"Tokyo Kids"
2672,NULL,"Yoneda, Mitsuhiro"
2673,NULL,"Itou, Hiroshi"
2674,NULL,"Murayama, Kousuke"
2675,NULL,"Sugiyama, Nobuhiro"
2676,NULL,"Takeuchi, Tetsuya"
2677,NULL,Discovery
2678,NULL,AT-2
2679,NULL,"Gouda, Tsuneo"
2680,NULL,NHK
2681,NULL,"Comma Studio"
2682,NULL,dwarf
2683,NULL,"Yatabe, Katsuyoshi"
2684,NULL,"Sonoda, Hideki"
2685,NULL,"Nakazaki, Hideya"
2686,NULL,"Ishizu, Yasushi"
2687,NULL,"Kubooka, Toshiyuki"
2688,NULL,"Matsumoto, Katsuji"
2689,NULL,"Takahashi, Tetsuko"
2690,NULL,"Tanaka, Kouhei"
2691,NULL,"Williams, David"
2692,NULL,"Kino Production"
2693,NULL,"Hamano, Takatoshi"
2694,NULL,"Simone, Jamie"
2695,NULL,"Kaizawa, Yukio"
2696,NULL,"Nakamura, Tetsuharu"
2697,NULL,"Kakudou, Hiroyuki"
2698,NULL,"Koga, Gou"
2699,NULL,"Shibata, Hiroki"
2700,NULL,"Chiba, Katsuhiko"
2701,NULL,"Garza, Eduardo"
2702,NULL,"Nimoy, Jeff"
2703,NULL,"Wyner, Tom"
2704,NULL,"Yamatoya, Akatsuki"
2705,NULL,"Amano, Tsukiko"
2706,NULL,"Constantin, Olivier"
2707,NULL,"Katsu, Seiji"
2708,NULL,"Kitamura, Eri"
2709,NULL,"Lombard, Claude"
2710,NULL,"Shinohara, Tomoe"
2711,NULL,"Tanimoto, Takayoshi"
2712,NULL,"Ueto, Aya"
2713,NULL,"Watanabe, Cheru"
2714,NULL,"Kimura, Kyotaro"
2715,NULL,"Kiyoyama, Shigetaka"
2716,NULL,"Raiku, Makoto"
2717,NULL,"Seki, Hiromi"
2718,NULL,"Shimizu, Junji"
2719,NULL,"Takahashi, Hiroki"
2720,NULL,"Walsh, David"
2721,NULL,"Yamamuro, Tadayoshi"
2722,NULL,"du Pac, Benoît"
2723,NULL,"Yomiko Advertising"
2724,NULL,"Jade Animation"
2725,NULL,"Matsunaga, Takayuki"
2726,NULL,"Ogura, Mitsutoshi"
2727,NULL,"Urasaki, Nobumitsu"
2728,NULL,"Yamaguchi, Yuuji"
2729,NULL,"Tsujitani, Kouji"
2730,NULL,"Furukawa, Masami"
2731,NULL,"Kobayashi, Kousuke"
2732,NULL,"Okada, Mari"
2733,NULL,"Shimo, Fumihiko"
2734,NULL,"Kitaya, Mitsuru"
2735,NULL,"Takamoto, Yoshihiro"
2736,NULL,"Takeuchi, Takashi"
2737,NULL,"Yanagisawa, Tetsuya"
2738,NULL,"Dewa, Yoshiaki"
2739,NULL,"Haga, Keita"
2740,NULL,Jyukai
2741,NULL,"Tainaka, Sachi"
2742,NULL,"Campos, Marcelo"
2743,NULL,"Gotou, Keiji"
2744,NULL,"Heller, Karl-Line"
2745,NULL,"Ishihara, Keiji"
2746,NULL,"Ishikawa, Isao"
2747,NULL,"Mozart, Wolfgang Amadeus"
2748,NULL,"Nasu, Kinoko"
2749,NULL,"Reed, Kristi"
2750,NULL,"Sahara, Hiromi"
2751,NULL,"Satou, Takuya"
2752,NULL,Type-Moon
2753,NULL,"Frontier Works"
2754,NULL,KlockWorx
2755,NULL,Notes
2756,NULL,"Kasai, Osamu"
2757,NULL,"Nagaoka, Akinori"
2758,NULL,"Oka, Yoshihiro"
2759,NULL,"Suzuki, Etsuo"
2760,NULL,"Takagi, Yoshiko"
2761,NULL,"D'Avena, Cristina"
2762,NULL,"Furuta, Yoshiaki"
2763,NULL,Tarako
2764,NULL,"Aoki, Nozomi"
2765,NULL,"Delanoë, Nadine"
2766,NULL,"Suzuki, Kinichirou"
2767,NULL,"Tadano, Kazuko"
2768,NULL,"Tayama, Mamito"
2769,NULL,"Asahi Broadcasting"
2770,NULL,"Izumi, Akihiro"
2771,NULL,"Ueda, Hidehito"
2772,NULL,"Chino, Kyouko"
2773,NULL,"Kurumada, Masami"
2774,NULL,"Tsutsui, Noriko"
2775,NULL,"Hayakawa, Keiji"
2776,NULL,"Hayase, Hiroyuki"
2777,NULL,"Morita, Hiromitsu"
2778,NULL,"Kase, Masahiro"
2779,NULL,"Fukuda, Mitsuo"
2780,NULL,"Hisayuki, Hirokazu"
2781,NULL,"Ookubo, Hiroshi"
2782,NULL,"Sakuma, Shinichi"
2783,NULL,"Matsuzaki, Kenichi"
2784,NULL,"Yamamoto, Yuu"
2785,NULL,"Sasaki, Mamoru"
2786,NULL,"Suzuki, Toshimitsu"
2787,NULL,"Sakisaka, Mamoru"
2788,NULL,Garyuu
2789,NULL,"Mori, Kokan"
2790,NULL,"Yamamoto, Toshiyuki"
2791,NULL,T-Rex
2792,NULL,"Yamazaki, Kazuo"
2793,NULL,"Kogawa, Tomonori"
2794,NULL,"Ninomiya, Tsuneo"
2795,NULL,"Tsuburaya, Eiji"
2796,NULL,"Tsuburaya Productions"
2797,NULL,"Yoshida, Taizou"
2798,NULL,"Gokurakuin, Sakurako"
2799,NULL,"Sager, Scott"
2800,NULL,"Yoshinari, Kou"
2801,NULL,"Seven Arcs"
2802,NULL,"Katsumata, Tomoharu"
2803,NULL,"Abe, Takuji"
2804,NULL,"Ebata, Hiroyuki"
2805,NULL,"Hattori, Ichirou"
2806,NULL,"Itabashi, Katsumi"
2807,NULL,"Kanada, Yoshinori"
2808,NULL,"Matoba, Shigeo"
2809,NULL,"Nabeshima, Osamu"
2810,NULL,"Yoshizawa, Takao"
2811,NULL,"Nagahama, Tadao"
2812,NULL,"Suzuki, Yoshitake"
2813,NULL,"Tsuji, Masaki"
2814,NULL,"Yasuhiko, Yoshikazu"
2815,NULL,"Shimon, Masato"
2816,NULL,"Koorogi '73"
2817,NULL,"Satou, Kazutoshi"
2818,NULL,"Shioyama, Norio"
2819,NULL,"Yuyama, Kunihiko"
2820,NULL,"Ookawara, Takeshi"
2821,NULL,"Hiramitsu, Takuya"
2822,NULL,"Ekusa, Takahito"
2823,NULL,"Kadowaki, Mai"
2824,NULL,"Itou, Kazuhiro"
2825,NULL,"Tetsuhito, Saito"
2826,NULL,"Yamada, Masaru"
2827,NULL,"Yamamoto, Wataru"
2828,NULL,Alchemist
2829,NULL,"Morijiri, Kazuaki"
2830,NULL,"Takeeda, Yoshinori"
2831,NULL,"Oomori, Takahiro"
2832,NULL,"Terahigashi, Katsumi"
2833,NULL,"Umemoto, Yui"
2834,NULL,"Huber, Chuck"
2835,NULL,"Ohata, Kiyotaka"
2836,NULL,Chatmonchy
2837,NULL,Sambomaster
2838,NULL,"Abe, Rumi"
2839,NULL,"Bevins, Christopher"
2840,NULL,"Higashimura, Akiko"
2841,NULL,"Higuchi, Satomi"
2842,NULL,"Hisagi, Akitsugu"
2843,NULL,"Hosogaya, Akira"
2844,NULL,"Imaoka, Noriyuki"
2845,NULL,"Ishikawa, Kayoko"
2846,NULL,"Isshiki, Mio"
2847,NULL,"Kasahara, Yuki"
2848,NULL,"Kawase, Koudai"
2849,NULL,"Kimura, Fumiyo"
2850,NULL,"Kishi, Tomohiro"
2851,NULL,"Kishii, Saori"
2852,NULL,"Kobayashi, Miyuki"
2853,NULL,"Kojima, Erina"
2854,NULL,"Kondou, Natsuko"
2855,NULL,"Miki, Tatsuya"
2856,NULL,"Mori, Ayako"
2857,NULL,"Morikawa, Yuuki"
2858,NULL,"Mutou, Kazuhiro"
2859,NULL,"Oka, Tatsuya"
2860,NULL,"Okano, Shingo"
2861,NULL,"Okimura, Tadayoshi"
2862,NULL,"Okuno, Haruo"
2863,NULL,"Saitou, Rie"
2864,NULL,"Sera, Kouta"
2865,NULL,"Shigehara, Katsuya"
2866,NULL,"Sueta, Akihiro"
2867,NULL,"Suwa, Harumi"
2868,NULL,"Tamura, Hitoshi"
2869,NULL,"Tanaka, Orie"
2870,NULL,"Utagawa, Ritsuko"
2871,NULL,"Yoshimori, Makoto"
2872,NULL,"Asmik Ace"
2873,NULL,"Sony Music Entertainment"
2874,NULL,"Sakura Create"
2875,NULL,"Fujipacific Music"
2876,NULL,"Brain's Base"
2877,NULL,"Ootsubo, Yukimaro"
2878,NULL,"Macek, Carl"
2879,NULL,"Aikawa, Shou"
2880,NULL,"Hashimoto, Ushio"
2881,NULL,"Kageyama, Hironobu"
2882,NULL,"Mizuki, Ichirou"
2883,NULL,"Tsuno, Gouji"
2884,NULL,"Fukuda, Kazuya"
2885,NULL,"Kakinuma, Hideki"
2886,NULL,"Oshima, Michiru"
2887,NULL,"Harmony Gold"
2888,NULL,"Streamline Pictures"
2889,NULL,"Negishi, Hiroshi"
2890,NULL,"Ishihara, Tatsuya"
2891,NULL,"Akahori, Satoru"
2892,NULL,"Shishido, Rumi"
2893,NULL,"Ishii, Akiharu"
2894,NULL,"Itou, Takehiko"
2895,NULL,"Suganuma, Eiji"
2896,NULL,"Zero-G Room"
2897,NULL,"Kasai, Kenichi"
2898,NULL,"Ikuhara, Kunihiko"
2899,NULL,"Kawamura, Tomoyuki"
2900,NULL,"Suzuki, Youhei"
2901,NULL,Ceui
2902,NULL,"Odaka, Koutarou"
2903,NULL,"Fujiwara, Yoshiyuki"
2904,NULL,"Haketa, Takefumi"
2905,NULL,"Imoto, Yuki"
2906,NULL,"Itou, Youko"
2907,NULL,"Itou, Yoshio"
2908,NULL,"Iwasaki, Atsushi"
2909,NULL,"Kanou, Aya"
2910,NULL,"Kawamoto, Sachi"
2911,NULL,"Kimoto, Shigeki"
2912,NULL,"Koyama, Kenji"
2913,NULL,"Matsumoto, Yukiko"
2914,NULL,"Matsuo, Akiko"
2915,NULL,"Matsuura, Mai"
2916,NULL,"Nonaka, Masayuki"
2917,NULL,"Okuda, Yousuke"
2918,NULL,"Satou, Atsushi"
2919,NULL,"Shimura, Takako"
2920,NULL,"Shinoda, Tomohiro"
2921,NULL,"Suzuki, Kaoru"
2922,NULL,"Ueta, Kazuyuki"
2923,NULL,"Yamazaki, Yoshihiro"
2924,NULL,"Sonoda, Kenichi"
2925,NULL,CBS
2926,NULL,"Bliss Pictures"
2927,NULL,"Koorogi '73"
2928,NULL,"Daichi, Akitarou"
2929,NULL,"Ueda, Yuuji"
2930,NULL,"Masuda, Kousuke"
2931,NULL,"Ooyama, Yoshihisa"
2932,NULL,"Yamamoto, Harukichi"
2933,NULL,"Kids Station"
2934,NULL,"DAX Production"
2935,NULL,"Kunitake, Miyuki"
2936,NULL,"Nishi, Shigenari"
2937,NULL,"Oikawa, Takeshi"
2938,NULL,"Nishijima, Katsuhiko"
2939,NULL,"Fujino, Kouichi"
2940,NULL,"Kanemaki, Kenichi"
2941,NULL,"Sugai, Yoshihiro"
2942,NULL,"Studio Fantasia"
2943,NULL,"Hiramatsu, Akiko"
2944,NULL,"Tamagawa, Sakiko"
2945,NULL,"Fujishima, Kousuke"
2946,NULL,"Morinaka, Masaharu"
2947,NULL,"Murata, Toshiharu"
2948,NULL,"Oosumi, Masaaki"
2949,NULL,"Yamada, Etsuji"
2950,NULL,"Takanashi, Masaki"
2951,NULL,"NHK Tokyo Jidou Gasshoudan"
2952,NULL,"Ohara, Hidekazu"
2953,NULL,"Sugiyama, Koichi"
2954,NULL,"Visual 80"
2955,NULL,"Miyake, Masanori"
2956,NULL,"Kosaka, Harume"
2957,NULL,"Shimizu, Hisatoshi"
2958,NULL,"Leguizamo, Denisse"
2959,NULL,"Takagi, Noboru"
2960,NULL,"Hishida, Masakazu"
2961,NULL,"Atari, Kousuke"
2962,NULL,"Kita, Shuhei"
2963,NULL,h-wonder
2964,NULL,"Aguilar, Montserrat"
2965,NULL,"Arai, Kazuhiro"
2966,NULL,"Fujii, Kousuke"
2967,NULL,"Hirayama, Osamu"
2968,NULL,"Ikeda, Tatsuya"
2969,NULL,"Kametani, Kyouko"
2970,NULL,"Kikuchi, Akira"
2971,NULL,"Kita, Kouhei"
2972,NULL,"Kitabatake, Tarou"
2973,NULL,"Kitamura, Shinya"
2974,NULL,"Koike, Hiroki"
2975,NULL,"Kudou, Masaki"
2976,NULL,"Midorikawa, Yuki"
2977,NULL,"Miyawaki, Hiromi"
2978,NULL,"Mori, Tomoko"
2979,NULL,"Morimae, Kazuya"
2980,NULL,"Nishihara, Chie"
2981,NULL,"Nomichi, Kayo"
2982,NULL,"Sakai, Hideki"
2983,NULL,"Sakamoto, Natsumi"
2984,NULL,"Satou, Hiromasa"
2985,NULL,"Satsuki, Maho"
2986,NULL,"Shishido, Taichi"
2987,NULL,"Takada, Mamie"
2988,NULL,"Tanigawa, Ryousuke"
2989,NULL,"Tatara, Risa"
2990,NULL,"Terada, Yutaka"
2991,NULL,"Tokunaga, Minami"
2992,NULL,"Tomobe, Natsumi"
2993,NULL,"Uryuu, Kyouko"
2994,NULL,"Yamada, Tatsuo"
2995,NULL,"Yokota, Kousuke"
2996,NULL,"Yoshiki, Masayuki"
2997,NULL,"Brain's Base"
2998,NULL,"Iwasaki, Yoshiaki"
2999,NULL,"Minoguchi, Katsumi"
3000,NULL,"Otani, Masahito"
3001,NULL,"Yamato, Naomichi"
3002,NULL,"Itou, Michiko"
3003,NULL,Drops
3004,NULL,"Kouda, Mariko"
3005,NULL,"Ebata, Ryouma"
3006,NULL,"Hara, Yumiko"
3007,NULL,"Hirano, Yoshihisa"
3008,NULL,"Kodama, Naoko"
3009,NULL,"Momose, Tamami"
3010,NULL,"Seyama, Takeshi"
3011,NULL,"King Records"
3012,NULL,"Studio Matrix"
3013,NULL,"Studio Guts"
3014,NULL,"Takekiyo, Hitoshi"
3015,NULL,"Yoshimizu, Kei"
3016,NULL,"Fujisaku, Junichi"
3017,NULL,"Sakurai, Yoshiki"
3018,NULL,"Umehara, Eiji"
3019,NULL,"Fuseki, Kazunobu"
3020,NULL,"Haraguchi, Hiroshi"
3021,NULL,"Clinkenbeard, Colleen"
3022,NULL,Conisch
3023,NULL,"Gunji, Mikio"
3024,NULL,"Hirasawa, Akihiro"
3025,NULL,"Nomura, Masanobu"
3026,NULL,"Tanioka, Yoshio"
3027,NULL,"Welz Animation Studios"
3028,NULL,"Jinnis Animation Studios"
3029,NULL,"Blanchard, Françoise"
3030,NULL,"Tsuji, Tadanao"
3031,NULL,"Kitayama, Shigeru"
3032,NULL,"Watanabe, Shinichi"
3033,NULL,"Andou, Ken"
3034,NULL,"Hiraike, Yoshimasa"
3035,NULL,"Inokawa, Shintarou"
3036,NULL,"Murata, Masahiko"
3037,NULL,"Yamakawa, Yoshiki"
3038,NULL,"Kobayashi, Yumiko"
3039,NULL,"Takahashi, Mikako"
3040,NULL,"Hatta, Noriko"
3041,NULL,"Ijima, Keiko"
3042,NULL,"Ishikawa, Shingo"
3043,NULL,"Ishino, Satoshi"
3044,NULL,"Kiyomaru, Satoru"
3045,NULL,"Kohara, Makoto"
3046,NULL,"Masuda, Toshio"
3047,NULL,"Minamisawa, Sadako"
3048,NULL,"Morimoto, Shinji"
3049,NULL,"Murata, Noriyasu"
3050,NULL,"Oka, Mariko"
3051,NULL,"Ooki, Ryouichi"
3052,NULL,"Rikudou, Koushi"
3053,NULL,"Takahashi, Yuuichi"
3054,NULL,"Takigasaki, Makoto"
3055,NULL,"Yoshioka, Masaru"
3056,NULL,May'n
3057,NULL,"Okui, Masami"
3058,NULL,manzo
3059,NULL,"Amemiya, Hitomi"
3060,NULL,"Hirose, Kiyoshi"
3061,NULL,"Koike, Satoshi"
3062,NULL,"Maeda, Noboru"
3063,NULL,"Ogiwara, Takeo"
3064,NULL,"Yoshii, Dan"
3065,NULL,"Encourage Films"
3066,NULL,"Marukawa, Naoko"
3067,NULL,"Kato, Takao"
3068,NULL,"Sugitani, Kouichi"
3069,NULL,"Kimura, Shinichirou"
3070,NULL,"Shiramine, Mitsuko"
3071,NULL,"Hashiguchi, Takashi"
3072,NULL,"Kubo, Masakazu"
3073,NULL,"Kubota, Chikashi"
3074,NULL,Xebec
3075,NULL,"Fujimori, Masaya"
3076,NULL,"Nakajima, Toshihiko"
3077,NULL,"Ooba, Hideaki"
3078,NULL,"Hirahara, Ayaka"
3079,NULL,"Endou, Emiko"
3080,NULL,"Jinno, Hiroaki"
3081,NULL,"Katou, Ryouta"
3082,NULL,"Miyanishi, Tatsuya"
3083,NULL,"Morio, Maki"
3084,NULL,"Murata, Mariko"
3085,NULL,"Naganuma, Norihiro"
3086,NULL,"Nakayama, Hatsue"
3087,NULL,"Niinuma, Daisuke"
3088,NULL,"Ogawa, Ichirou"
3089,NULL,"Oomiya, Kazuhito"
3090,NULL,"Sekine, Masayuki"
3091,NULL,"Suzuki, Youko"
3092,NULL,"Takano, Noboru"
3093,NULL,"Terashima, Tamiya"
3094,NULL,MediaNet
3095,NULL,"Happinet Pictures"
3096,NULL,"Tokyo Theatres"
3097,NULL,"Anno, Hideaki"
3098,NULL,"Lee, Amanda Winn"
3099,NULL,"Takahashi, Youko"
3100,NULL,"Fukuoka, Hidenori"
3101,NULL,"Furukawa, Hisaki"
3102,NULL,"Imaishi, Hiroyuki"
3103,NULL,"Irie, Kenji"
3104,NULL,"Kawabata, Erkin"
3105,NULL,"Kozuma, Shinsaku"
3106,NULL,"Lucindo, Fábio"
3107,NULL,"Nonaka, Takuya"
3108,NULL,"Oota, Noriyuki"
3109,NULL,"Ootsuka, Masahiko"
3110,NULL,"Sagisu, Shirou"
3111,NULL,"Satou, Hiroki"
3112,NULL,"Shinohara, Kenji"
3113,NULL,"Takaboshi, Harumi"
3114,NULL,"Tanzawa, Manabu"
3115,NULL,"Torres, América"
3116,NULL,"Yamashita, Ikuto"
3117,NULL,"Youssef-Holland, Fouzia"
3118,NULL,Sega
3119,NULL,"Audio Tanaka"
3120,NULL,"Miyoshi, Keiichirou"
3121,NULL,"Asakura, Akira"
3122,NULL,"Nishio, Kimihiro"
3123,NULL,"Takahashi, Shin"
3124,NULL,"Yoshikawa, Kei"
3125,NULL,"CBC Television"
3126,NULL,"Minami, Yasuhiro"
3127,NULL,"Watanabe, Tetsuya"
3128,NULL,"Asakawa, Miya"
3129,NULL,"Ookouchi, Ichirou"
3130,NULL,"Hidaka, Masamitsu"
3131,NULL,"Kawase, Toshifumi"
3132,NULL,"Obara, Masakazu"
3133,NULL,"Okui, Aki"
3134,NULL,"Hashimoto, Seiichi"
3135,NULL,"Hishinuma, Yoshihito"
3136,NULL,"Iino, Toshiaki"
3137,NULL,"Ikeda, Shoko"
3138,NULL,"Mead, Syd"
3139,NULL,"Miyashita, Yuuji"
3140,NULL,"Nakada, Eiji"
3141,NULL,"Nakatani, Seiichi"
3142,NULL,"Ogata, Naohiro"
3143,NULL,"Ootsuki, Atsushi"
3144,NULL,"Sakura, Takumi"
3145,NULL,"Shouji, Yasukazu"
3146,NULL,"Takahashi, Akira"
3147,NULL,"Takami, Akio"
3148,NULL,"Tobe, Atsuo"
3149,NULL,"Tsubata, Yoshiaki"
3150,NULL,"Uno, Makoto"
3151,NULL,"Yamaguchi, Susumu"
3152,NULL,"Yasuda, Akira"
3153,NULL,"Yumoto, Yoshinori"
3154,NULL,"Nakamura Production"
3155,NULL,"Komura, Toshiaki"
3156,NULL,"Nakai, Jun"
3157,NULL,"Uchihara, Shigeru"
3158,NULL,Yuuki
3159,NULL,Kasumi
3160,NULL,"Matsuo, Shin"
3161,NULL,"Okada, Megumu"
3162,NULL,"Yoneda, Hiroshi"
3163,NULL,Takeshobo
3164,NULL,"Murakami, Takashi"
3165,NULL,"Okamoto, Hideki"
3166,NULL,"Uetake, Sumio"
3167,NULL,"Fukuhara, Kaori"
3168,NULL,"Takagaki, Ayahi"
3169,NULL,"Amisaki, Ryouko"
3170,NULL,"Ditama, Bow"
3171,NULL,"Fujise, Tomoyasu"
3172,NULL,"Hirose, Tomohito"
3173,NULL,"Imanishi, Tooru"
3174,NULL,"Itakura, Ken"
3175,NULL,"Karasawa, Yuuichi"
3176,NULL,"Kuroda, Kazuya"
3177,NULL,"Nagata, Haruna"
3178,NULL,"Ogiwara, Michiru"
3179,NULL,"Sano, Takao"
3180,NULL,"Shiomi, Kazuyoshi"
3181,NULL,"Stone, Jimmy"
3182,NULL,"Sugimoto, Isao"
3183,NULL,"Suzuki, Kanta"
3184,NULL,"Tada, Akifumi"
3185,NULL,"Watanabe, Akio"
3186,NULL,"Watanabe, Atsuko"
3187,NULL,"Yamamoto, Shou"
3188,NULL,"Yanagizawa, Kumiko"
3189,NULL,"Avex Entertainment"
3190,NULL,Mobcast
3191,NULL,"Studio Hibari"
3192,NULL,Ricotta
3193,NULL,GoHands
3194,NULL,"Tomita, Sukehiro"
3195,NULL,"Ogasawara, Hiroshi"
3196,NULL,"Arai, Yutaka"
3197,NULL,"Brémont, Daniel"
3198,NULL,"Udagawa, Kazuhiko"
3199,NULL,"Yoshida, Kenji"
3200,NULL,"Iwao, Junko"
3201,NULL,"Hasegawa, Katsumi"
3202,NULL,"Nagao, Hitoshi"
3203,NULL,"Nakahara, Ryuuta"
3204,NULL,PAROME
3205,NULL,"Saiku, Hitoshi"
3206,NULL,"Takahashi, Atsuko"
3207,NULL,"Takahashi, Naruse"
3208,NULL,"Hijikata, Makoto"
3209,NULL,"Date, Hayato"
3210,NULL,"Kon, Chiaki"
3211,NULL,"Watanabe, Toshinori"
3212,NULL,"Akamatsu, Yasuhiro"
3213,NULL,"Asari, Fujiaki"
3214,NULL,"Fujii, Toshirou"
3215,NULL,"Horiuchi, Naoki"
3216,NULL,"Kitagawa, Masato"
3217,NULL,"Kobayashi, Naoki"
3218,NULL,"Kodaira, Maki"
3219,NULL,"Koyanagi, Tatsuya"
3220,NULL,"Mizuno, Kazunori"
3221,NULL,"Nakagawa, Jun"
3222,NULL,"Nigorikawa, Atsushi"
3223,NULL,"Nishimura, Hiroaki"
3224,NULL,"Okajima, Kunitoshi"
3225,NULL,"Sasaki, Sumito"
3226,NULL,"Satou, Kazuma"
3227,NULL,"Satou, Mitsutoshi"
3228,NULL,"Takada, Masahiro"
3229,NULL,"Takahashi, Hidetoshi"
3230,NULL,"Takahashi, Shigeharu"
3231,NULL,"Takatsu, Yukio"
3232,NULL,"Takayama, Hideki"
3233,NULL,"Takuno, Seiki"
3234,NULL,"Tanaka, Tomoya"
3235,NULL,"Tanemura, Ayataka"
3236,NULL,"Watanabe, Masaharu"
3237,NULL,"Watanabe, Shuu"
3238,NULL,"Yamaoka, Minoru"
3239,NULL,"Yamashita, Hiroyuki"
3240,NULL,"Yamashita, Shingo"
3241,NULL,"Leroy, Julie"
3242,NULL,"O'Brien, Liam"
3243,NULL,"Watanabe, Daisuke"
3244,NULL,"Endou, Masaaki"
3245,NULL,"Kagawa, Yutaka"
3246,NULL,"Kogawa, Yoriyasu"
3247,NULL,"Watanabe, Sumio"
3248,NULL,7!!
3249,NULL,AZU
3250,NULL,Aluto
3251,NULL,Anly
3252,NULL,"Aqua Timez"
3253,NULL,"Asian Kung-Fu Generation"
3254,NULL,Ayumikurikamaki
3255,NULL,CIVILIAN
3256,NULL,DISH//
3257,NULL,DOES
3258,NULL,DOMINO
3259,NULL,Daisuke
3260,NULL,"Eguchi, Ryo"
3261,NULL,FLOW
3262,NULL,"Furukawa, Takahiro"
3263,NULL,"Garnet, Diana"
3264,NULL,HALCALI
3265,NULL,"Hata, Motohiro"
3266,NULL,Hemenway
3267,NULL,"Home Made Kazoku"
3268,NULL,HoneyWorks
3269,NULL,Ikimonogakari
3270,NULL,"Inoue, Joe"
3271,NULL,"Ishizaki, Huwie"
3272,NULL,KANA-BOON
3273,NULL,Kishidan
3274,NULL,"Kondou, Akihisa"
3275,NULL,"Koumoto, Hiroto"
3276,NULL,"LONG SHOT PARTY"
3277,NULL,"Little by Little"
3278,NULL,"MATCHY with QUESTION?"
3279,NULL,MUCC
3280,NULL,"NICO Touches the Walls"
3281,NULL,Nogizaka46
3282,NULL,OKAMOTO'S
3283,NULL,"Ootsuka, Gouki"
3284,NULL,OreSkaBand
3285,NULL,Rake
3286,NULL,SEAMO
3287,NULL,"SUPER BEAVER"
3288,NULL,"Shinku Horou"
3289,NULL,"Sukima Switch"
3290,NULL,Swimy
3291,NULL,TOTALFAT
3292,NULL,"Taniguchi, Maguro"
3293,NULL,"The Cro-Magnons"
3294,NULL,"Tomi Yo"
3295,NULL,UNLIMITS
3296,NULL,Yamazaru
3297,NULL,nobodyknows+
3298,NULL,sana
3299,NULL,surface
3300,NULL,tacica
3301,NULL,yanaginagi
3302,NULL,"Asai, Seiko"
3303,NULL,"Basecqz, Julie"
3304,NULL,"Concepción, Priscilla"
3305,NULL,"Douge, Shintarou"
3306,NULL,"Fujii, Shingo"
3307,NULL,"Fujisawa, Kenichi"
3308,NULL,"Harada, Rie"
3309,NULL,"Hashimoto, Hisanori"
3310,NULL,"Higashide, Futoshi"
3311,NULL,"Hiramaki, Daisuke"
3312,NULL,"Huang, Chengxi"
3313,NULL,"Ikeda, Yuki"
3314,NULL,"Imahashi, Asuna"
3315,NULL,"Imai, Arifumi"
3316,NULL,"Imaki, Hiroaki"
3317,NULL,"Ishida, Keiichi"
3318,NULL,"Kameda, Yoshimichi"
3319,NULL,"Kaneko, Yuuji"
3320,NULL,"Katagiri, Takahisa"
3321,NULL,"Katou, Fumi"
3322,NULL,"Katou, Hiromasa"
3323,NULL,"Kawai, Shigeki"
3324,NULL,"Kishimoto, Masashi"
3325,NULL,"Kobayashi, Kayoko"
3326,NULL,"Kobayashi, Yukari"
3327,NULL,"Koikawa, Shinpei"
3328,NULL,"Kojima, Hirokazu"
3329,NULL,"Kotake, Ayumu"
3330,NULL,"Kouda, Masayuki"
3331,NULL,"Kouno, Emi"
3332,NULL,"Kumode, Robson"
3333,NULL,"Kutsuna, Kenichi"
3334,NULL,"Maeda, Yoshihiro"
3335,NULL,"Mamezuka, Asuka"
3336,NULL,"Matsui, Yuuko"
3337,NULL,"Matsumoto, Yasunori"
3338,NULL,"Matsutake, Tokuyuki"
3339,NULL,"Miyata, Yuka"
3340,NULL,"Mori, Miyuki"
3341,NULL,"Morita, Seiji"
3342,NULL,"Moronuki, Tetsurou"
3343,NULL,"Muramatsu, Hisao"
3344,NULL,"Musashi Project"
3345,NULL,"Nakayama, Ryuu"
3346,NULL,"Nishikawa, Masashi"
3347,NULL,"Nishizono, Satoru"
3348,NULL,"Ogasawara, Shin"
3349,NULL,"Okuda, Teppei"
3350,NULL,"Ookawara, Isao"
3351,NULL,REMI
3352,NULL,"Sasaki, Tokihiro"
3353,NULL,"Shimizu, Asami"
3354,NULL,"Shimizu, Atsuki"
3355,NULL,"Suzuki, Natsuko"
3356,NULL,"Tachibana, Hideki"
3357,NULL,"Taguchi, Eri"
3358,NULL,"Takanashi, Yasuharu"
3359,NULL,"Takano, Yayoi"
3360,NULL,"Takazu, Momoko"
3361,NULL,"Tanaka, Katsunori"
3362,NULL,"Toda, Mai"
3363,NULL,"Tomita, Megumi"
3364,NULL,"Watanabe, Keiichirou"
3365,NULL,"Yaginuma, Kazuyoshi"
3366,NULL,"Yamamoto, Ken"
3367,NULL,"Yokota, Mamoru"
3368,NULL,"Yoshihara, Tatsuya"
3369,NULL,"Yoshikawa, Maho"
3370,NULL,ryo-timo
3371,NULL,Rakuonsha
3372,NULL,"Okamura, Takema"
3373,NULL,"Gouda, Hozumi"
3374,NULL,"Hatakeyama, Mamoru"
3375,NULL,"Ichimura, Tetsuo"
3376,NULL,"Takahashi, Hideya"
3377,NULL,"Nakamura, Makoto"
3378,NULL,"Kodama, Saori"
3379,NULL,"Midorikawa, Hikaru"
3380,NULL,"Suzumura, Kenichi"
3381,NULL,"Fujisaki, Ayuna"
3382,NULL,Kazuaki
3383,NULL,"Kikuya, Tomoki"
3384,NULL,"Kimura, Takashi"
3385,NULL,"Yoneda, Kazuhiro"
3386,NULL,"Gotou, Saori"
3387,NULL,"Cho, Jung Hwa"
3388,NULL,"Lee, Jung-Phil"
3389,NULL,Morishige
3390,NULL,"Takenaka, Kei"
3391,NULL,"Watanabe, Kouji"
3392,NULL,"Trinet Entertainment"
3393,NULL,"Studio Flag"
3394,NULL,"Ikeda, Masashi"
3395,NULL,Capcom
3396,NULL,"Lee, Ki Suk"
3397,NULL,"Yoshigaki, Yusuke"
3398,NULL,"Iwanaga, Akira"
3399,NULL,"Ikeda, Hikaru"
3400,NULL,"Kawaragi, Shiho"
3401,NULL,"Kim, Dong Joon"
3402,NULL,"Yokomine, Katsumasa"
3403,NULL,"Soft Garage"
3404,NULL,"Hiroshima, Hideki"
3405,NULL,"Kawamura, Toshie"
3406,NULL,"Matsumoto, Jun"
3407,NULL,"Mikimoto, Haruhiko"
3408,NULL,"Ookura, Masahiko"
3409,NULL,"Tsuda, Akihiro"
3410,NULL,"Yamamoto, Nizou"
3411,NULL,"Moriguchi, Hiroko"
3412,NULL,"Studio Unicorn"
3413,NULL,"Tachibana, Masaki"
3414,NULL,"Tanaka, Kazuya"
3415,NULL,"Itou, Hideki"
3416,NULL,"Tokudo, Daisuke"
3417,NULL,"Murata, Kazuya"
3418,NULL,"Takahashi, Natsuko"
3419,NULL,"Yamamoto, Hideyo"
3420,NULL,T.M.Revolution
3421,NULL,"Tsuji, Shion"
3422,NULL,"abingdon boys school"
3423,NULL,"Fukagawa, Kasumi"
3424,NULL,"Furihata, Masahiro"
3425,NULL,"Hara, Miyuki"
3426,NULL,"Hasebe, Atsushi"
3427,NULL,"Hashimoto, Maki"
3428,NULL,"Hattori, Satoshi"
3429,NULL,"Hong, Mi-Yeong"
3430,NULL,"Ikeuchi, Naoko"
3431,NULL,"Ishiyama, Hiroaki"
3432,NULL,"Kamei, Takejirou"
3433,NULL,"Kanegae, Takeshi"
3434,NULL,"Katou, Rie"
3435,NULL,"Kitamura, Mayumi"
3436,NULL,"Kobori, Yuuko"
3437,NULL,"Nakajima, Mika"
3438,NULL,"Ochiai, Hitomi"
3439,NULL,"Okado, Chikai"
3440,NULL,"Sakaguchi, Ryuutarou"
3441,NULL,"Sekizaki, Takaaki"
3442,NULL,"Shiozawa, Kaname"
3443,NULL,"Takahashi, Ken"
3444,NULL,"Taniguchi, Yoshiaki"
3445,NULL,"Tokuda, Hirotaka"
3446,NULL,"Williams, Janice"
3447,NULL,"Yaguchi, Hiroko"
3448,NULL,"Kinema Citrus"
3449,NULL,"Akamatsu, Ken"
3450,NULL,"Tajima, Shouu"
3451,NULL,Enterbrain
3452,NULL,"Oowada, Tomoyuki"
3453,NULL,"Takatori, Masashi"
3454,NULL,"Tosaka, Shin"
3455,NULL,"Ui, Yoshikazu"
3456,NULL,"Morita, Mayumi"
3457,NULL,"Kamakura, Yumi"
3458,NULL,"Katate Size"
3459,NULL,"MONKEY MAJIK"
3460,NULL,"Tsunami, Kouhei"
3461,NULL,"Kitahara, Koudai"
3462,NULL,"Lee, Amanda"
3463,NULL,"Maeda, Yuki"
3464,NULL,"Okazaki, Erika"
3465,NULL,"Oliver, Tony"
3466,NULL,"Sgroi, Victor"
3467,NULL,"Shiibashi, Hiroshi"
3468,NULL,"Sugiura, Miho"
3469,NULL,"Ueda, Mizuka"
3470,NULL,"Ueda, Minoru"
3471,NULL,"Ujiie, Akio"
3472,NULL,BS11
3473,NULL,"Hakuhodo DY Media Partners"
3474,NULL,Imagine
3475,NULL,Broccoli
3476,NULL,Ego-Wrappin'
3477,NULL,"Chen, Dali"
3478,NULL,"Itadaki, Shinji"
3479,NULL,"Kamanaka, Nobuharu"
3480,NULL,"Kikuchi, Kazuko"
3481,NULL,"Sakurai, Junko"
3482,NULL,"Shimizu, Kenichi"
3483,NULL,"Suzuki, Miho"
3484,NULL,"Suzuki, Kaori"
3485,NULL,"Tsuchiya, Kenichi"
3486,NULL,"Watanabe, Yukihiro"
3487,NULL,"Yamakawa, Hiroomi"
3488,NULL,"Yamanashi, Eri"
3489,NULL,UNDER17
3490,NULL,"Senomoto, Hisashi"
3491,NULL,Witch
3492,NULL,"Lemon Heart"
3493,NULL,"Datama Film"
3494,NULL,"Okuwaki, Masaharu"
3495,NULL,"Kitahata, Tooru"
3496,NULL,"Kishima, Nobuaki"
3497,NULL,"Boucher, Hugues"
3498,NULL,"Hojo, Tsukasa"
3499,NULL,"Koujina, Hiroshi"
3500,NULL,"Satou, Keiichi"
3501,NULL,"Shimizu, Takao"
3502,NULL,"Shibata, Yui"
3503,NULL,"Kawasaki, Itsurou"
3504,NULL,"Yamada, Yuka"
3505,NULL,"Itou, Masumi"
3506,NULL,marble
3507,NULL,"Aoyama, Masanobu"
3508,NULL,"Fujiki, Nana"
3509,NULL,"Higashiyama, Atsushi"
3510,NULL,"Houjou, Naoaki"
3511,NULL,"Kamada, Shinpei"
3512,NULL,"Karasu, Hiroaki"
3513,NULL,"Katou, Masato"
3514,NULL,"Kawashima, Hisashi"
3515,NULL,"Kou, Yuu"
3516,NULL,"Nomura, Haruyoshi"
3517,NULL,"Oshiyama, Kiyotaka"
3518,NULL,"Tsukiji, Toshihiko"
3519,NULL,"Yokotani, Masahiro"
3520,NULL,Zexcs
3521,NULL,"Hirata, Toshio"
3522,NULL,"Aketagawa, Susumu"
3523,NULL,"Nakazawa, Keiji"
3524,NULL,"GEN Productions"
3525,NULL,"Mimura, Sougetsu"
3526,NULL,"Tamaoki, Benkyou"
3527,NULL,"Yamakawa, Susumu"
3528,NULL,"Sugishima, Kunihisa"
3529,NULL,BUCK-TICK
3530,NULL,"La'cryma Christi"
3531,NULL,"Sakurai, Atsushi"
3532,NULL,"Fujita, Masayuki"
3533,NULL,"Koizumi, Kenzou"
3534,NULL,"Yamauchi, Daisuke"
3535,NULL,BeSTACK
3536,NULL,"Half H.P Studio"
3537,NULL,"Sasagawa, Hiroshi"
3538,NULL,"Koorogi '73"
3539,NULL,"Saban Entertainment"
3540,NULL,Telescreen
3541,NULL,"Hatta, Youko"
3542,NULL,"Yamada, Naoko"
3543,NULL,"Ishidate, Taichi"
3544,NULL,"Kitanohara, Noriyuki"
3545,NULL,"Sakamoto, Kazuya"
3546,NULL,"Takao, Noriko"
3547,NULL,"Yoneda, Mitsuyoshi"
3548,NULL,"Michaud, Maïa"
3549,NULL,"Hikasa, Youko"
3550,NULL,"Komori, Shigeo"
3551,NULL,"Kotobuki, Minako"
3552,NULL,"Oomori, Shouko"
3553,NULL,"Satou, Satomi"
3554,NULL,Tom-H@ck
3555,NULL,"Toyosaki, Aki"
3556,NULL,"Akitake, Seiichi"
3557,NULL,"Andou, Kyouhei"
3558,NULL,"Horiguchi, Yukiko"
3559,NULL,"Hosokawa, Naoki"
3560,NULL,"Hyakkoku, Hajime"
3561,NULL,"Ikeda, Kazumi"
3562,NULL,"Kadowaki, Miku"
3563,NULL,Kakifly
3564,NULL,"Kamoi, Tomoyo"
3565,NULL,"Kawanami, Eisaku"
3566,NULL,"Kobayashi, Hiroyuki"
3567,NULL,"Lambotte, Jessie"
3568,NULL,"Makita, Masaya"
3569,NULL,"Matsumoto, Yoshikatsu"
3570,NULL,"Miura, Rina"
3571,NULL,"Muramoto, Katsuhiko"
3572,NULL,"Muta, Ryouhei"
3573,NULL,"Nishioka, Maiko"
3574,NULL,"Nishiya, Futoshi"
3575,NULL,"Ogawa, Taichi"
3576,NULL,"Sanada, Asami"
3577,NULL,"Sawa, Shinpei"
3578,NULL,"Shinohara, Mutsuo"
3579,NULL,"Takemoto, Yasuhiro"
3580,NULL,"Tamura, Seiki"
3581,NULL,"Uda, Junichi"
3582,NULL,"Utsumi, Hiroko"
3583,NULL,"Yamamoto, Rin"
3584,NULL,"Yamamura, Takuya"
3585,NULL,"Yokota, Keisuke"
3586,NULL,"Animation Do"
3587,NULL,"Kyoto Animation"
3588,NULL,"Lee, Si-Min"
3589,NULL,"Suzuki Mirano"
3590,NULL,"Suzuki, Morishige"
3591,NULL,"Yonekawa, Koushin"
3592,NULL,"Oh! Production"
3593,NULL,"Sugi, Emiko"
3594,NULL,"Terasawa, Buichi"
3595,NULL,"Maeno, Youko"
3596,NULL,"Ishigaki, Tsutomu"
3597,NULL,"Lax, Francis"
3598,NULL,"Ootsuka, Shinji"
3599,NULL,"Tsukada, Nobuko"
3600,NULL,"Ikezawa, Satoshi"
3601,NULL,"Okaseko, Nobuhiro"
3602,NULL,"Takatou, Kazushige"
3603,NULL,"Yamakawa, Norio"
3604,NULL,"Nakamura, Chikayo"
3605,NULL,"Sato, Yoji"
3606,NULL,"Suzuki, Iku"
3607,NULL,"Tamagawa, Makoto"
3608,NULL,"Yabana, Kaoru"
3609,NULL,"Hakada, Masatoshi"
3610,NULL,"Takeshita, Kenichi"
3611,NULL,"Kurebe, Takuya"
3612,NULL,"Ebisawa, Yukio"
3613,NULL,"Iwasa, Tomoko"
3614,NULL,"Iwasaki, Motoyoshi"
3615,NULL,"Iwata, Naomi"
3616,NULL,"Kanehira, Kazushige"
3617,NULL,"Koyama, Tomohiro"
3618,NULL,"Shigeta, Tooru"
3619,NULL,"Watabe, Yukiko"
3620,NULL,"Milky Cartoon"
3621,NULL,"Yamada, Michishiro"
3622,NULL,"Ishiki, Mio"
3623,NULL,"Kamio, Kenichi"
3624,NULL,"Kanamaru, Takahiko"
3625,NULL,"Tison, Annette"
3626,NULL,"Yamamaoto, Tetsuya"
3627,NULL,"Takahashi, Hideo"
3628,NULL,"Saitou, Takao"
3629,NULL,"Santini, Love"
3630,NULL,AT-X
3631,NULL,"E&G Films"
3632,NULL,"The Village of Marchen"
3633,NULL,"Koorogi '73"
3634,NULL,"Hayashi, Koba"
3635,NULL,"Miyata, Tomoyuki"
3636,NULL,"Kusao, Takeshi"
3637,NULL,"Yao, Kazuki"
3638,NULL,"Yokoyama, Chisa"
3639,NULL,"Hatsumi, Kouichi"
3640,NULL,"Suzuki, Seiji"
3641,NULL,"Nishikiori, Hiroshi"
3642,NULL,"Takahashi, Tooru"
3643,NULL,"Oguro, Yuuichirou"
3644,NULL,"Yoshinaga, Aya"
3645,NULL,"Sakurai, Hiroaki"
3646,NULL,"Ueno, Yoko"
3647,NULL,"Azuma, Kiyohiko"
3648,NULL,"Baba, Ryuuichi"
3649,NULL,"Furuta, Makoto"
3650,NULL,"Hasegawa, Shinya"
3651,NULL,"Hata, Hiroyuki"
3652,NULL,"Hirose, Izumi"
3653,NULL,"Kanbe, Muneyuki"
3654,NULL,"Katou, Hiromi"
3655,NULL,"Kishimoto, Seiji"
3656,NULL,"Kondou, Keiichi"
3657,NULL,"Kurihara, Masaki"
3658,NULL,"Masuda, Kuniaki"
3659,NULL,"Morikawa, Eiko"
3660,NULL,"Oikawa, Kei"
3661,NULL,"Rush, Don"
3662,NULL,"Saitou, Akira"
3663,NULL,"Satou, Tatsuo"
3664,NULL,"Satsuki, Hajime"
3665,NULL,"Watanabe, Kazuya"
3666,NULL,"Yamashita, Yuu"
3667,NULL,"Yanagi, Shinsuke"
3668,NULL,Imagica
3669,NULL,"Cosmic Ray"
3670,NULL,"Milky Animation Label"
3671,NULL,"Studio Jam"
3672,NULL,"Yamamoto, Kazue"
3673,NULL,Amumo
3674,NULL,"Hara, Keiichi"
3675,NULL,"Amamizu, Masaru"
3676,NULL,"Hara, Katsunori"
3677,NULL,"Ichii, Ippei"
3678,NULL,"Ishii, Yuriko"
3679,NULL,"Kadowaki, Satoshi"
3680,NULL,"Komiyama, Asuka"
3681,NULL,"Miyawaki, Chizuru"
3682,NULL,"Ookubo, Osamu"
3683,NULL,"Shimizu, Hiroshi"
3684,NULL,"Takahashi, Naruyo"
3685,NULL,"Takano, Masamichi"
3686,NULL,"Tsuji, Shigehito"
3687,NULL,"Yoshioka, Shinobu"
3688,NULL,"Yamamoto, Zenjirou"
3689,NULL,"Inoue, Hiroaki"
3690,NULL,PPM
3691,NULL,"Akehi, Masayuki"
3692,NULL,"Rissen, Hirotoshi"
3693,NULL,"Ueda, Yoshihiro"
3694,NULL,"Honma, Osamu"
3695,NULL,"Katayama, Takahito"
3696,NULL,"Miwa, Kazuhiro"
3697,NULL,"Satou, Masaki"
3698,NULL,"Ueno, Ken"
3699,NULL,Yudetamago
3700,NULL,"de Oliveira, Dráusio"
3701,NULL,"Yomiuri Advertising"
3702,NULL,"Ishiguro, Noboru"
3703,NULL,"Fujikawa, Keisuke"
3704,NULL,"Arai, Akino"
3705,NULL,"Edamitsu, Hiroaki"
3706,NULL,"Gouda, Hiroaki"
3707,NULL,"Inomata, Mutsumi"
3708,NULL,"Iwasa, Tadashi"
3709,NULL,"Mouri, Kazuaki"
3710,NULL,Gallop
3711,NULL,"Kaname Productions"
3712,NULL,Idol
3713,NULL,"Nitta, Yoshikata"
3714,NULL,"Nishimura, Motohide"
3715,NULL,"Shudou, Takeshi"
3716,NULL,"Tetsura, Noriyaki"
3717,NULL,"Fujisawa, Hideki"
3718,NULL,"Mini Moni."
3719,NULL,"Terada, Mitsuo"
3720,NULL,"Furuya, Akira"
3721,NULL,"Peythieu, Philippe"
3722,NULL,"Yamanaka, Junko"
3723,NULL,"Yoshikawa, Yayoi"
3724,NULL,"Ashida, Toyoo"
3725,NULL,"TM NETWORK"
3726,NULL,"Akiyama, Kumi"
3727,NULL,"Kikuchi, Hideyuki"
3728,NULL,"Machado, Nelson"
3729,NULL,"Matsudaira, Satoshi"
3730,NULL,"Torigoe, Kazushi"
3731,NULL,"Ogata, Mitsuhiro"
3732,NULL,"Sakurai, Yuuka"
3733,NULL,"Matsui, Hitoyuki"
3734,NULL,"Katou, Hiroto"
3735,NULL,"Akao, Deko"
3736,NULL,"Takada, Jun"
3737,NULL,"Enomoto, Atsuko"
3738,NULL,"Hirota, Shion"
3739,NULL,"Kondou, Kanako"
3740,NULL,"Otomiya, Tsubasa"
3741,NULL,"Sasajima, Kaoru"
3742,NULL,"Shimizu, Ai"
3743,NULL,"Fukuda, Naomasa"
3744,NULL,"Gotou, Masahiro"
3745,NULL,"Hiramatsu, Masaki"
3746,NULL,"Ifukube, Takashi"
3747,NULL,"Inoue, Shunji"
3748,NULL,"Katou, Tsurugi"
3749,NULL,"Kawada, Kiyotaka"
3750,NULL,"Nagayoshi, Kouki"
3751,NULL,"Ogata, Takahide"
3752,NULL,"NBCUniversal Entertainment Japan"
3753,NULL,"On The Run"
3754,NULL,Radix
3755,NULL,"Nishioka, Shinobu"
3756,NULL,"Fairy Dust"
3757,NULL,"Studio Dolphin Night"
3758,NULL,"MacDonald, Scott"
3759,NULL,"Atelier Kaguya"
3760,NULL,Choco-Chip
3761,NULL,"Shimoyama, Kento"
3762,NULL,"Kitade, Nana"
3763,NULL,"Murayama, Tatsuya"
3764,NULL,"Inada, Koji"
3765,NULL,"Narita, Yoshimi"
3766,NULL,"Sakuma, Yoshiko"
3767,NULL,"Sanjou, Riku"
3768,NULL,"Takaki, Hiroshi"
3769,NULL,"Vale, Eric"
3770,NULL,"Yamazaki, Kenji"
3771,NULL,"Sekijima, Mayori"
3772,NULL,"Hasegawa, Tomoki"
3773,NULL,"Nawa, Munenori"
3774,NULL,"Sasaki, Masakatsu"
3775,NULL,"Shima, Kenichi"
3776,NULL,"Shouji, Takashi"
3777,NULL,"Yamada, Masaki"
3778,NULL,"Yamaguchi, Kenichi"
3779,NULL,"White Bear"
3780,NULL,Mediabank
3781,NULL,"Yoshida, Tomohiro"
3782,NULL,"Tsubone, Kentarou"
3783,NULL,MOSAIC.WAV
3784,NULL,"Ogataya, Haruka"
3785,NULL,"Nakamura, Shungiku"
3786,NULL,MOKA☆
3787,NULL,"Kimura, Eriko"
3788,NULL,"Satou, Teruo"
3789,NULL,"Watada, Shinya"
3790,NULL,"Mutou, Yasuyuki"
3791,NULL,Aimer
3792,NULL,"Boom Boom Satellites"
3793,NULL,CHEMISTRY
3794,NULL,"Kuriyama, Chiaki"
3795,NULL,Kylee
3796,NULL,"Nomura, Youichirou"
3797,NULL,"Sawano, Hiroyuki"
3798,NULL,"Tsuri, Shunsuke"
3799,NULL,UTA
3800,NULL,earthmind
3801,NULL,"Akitaka, Mika"
3802,NULL,"Chiba, Yuriko"
3803,NULL,Cyua
3804,NULL,"Genma, Nobuhiko"
3805,NULL,"Geshi, Yuuya"
3806,NULL,"Habe, Takashi"
3807,NULL,"Ikariya, Atsushi"
3808,NULL,"Imai, Daisuke"
3809,NULL,"Ishigaki, Junya"
3810,NULL,"Katoki, Hajime"
3811,NULL,"Kobayashi, Mika"
3812,NULL,"Komori, Mayumi"
3813,NULL,"Kouta, Fumiaki"
3814,NULL,"Mori, Satoshi"
3815,NULL,"Moroishi, Kouta"
3816,NULL,"Naka, Morifumi"
3817,NULL,"Ookubo, Shuuichi"
3818,NULL,"Shigeta, Satoshi"
3819,NULL,"Shikama, Takahiro"
3820,NULL,"Sinterniklaas, Michael"
3821,NULL,Snipes
3822,NULL,"Takeuchi, Shinji"
3823,NULL,"Tanaka, Yui"
3824,NULL,"Teraoka, Iwao"
3825,NULL,"Toyoda, Akiko"
3826,NULL,"Umeda, Kazusa"
3827,NULL,"Watanabe, Satomi"
3828,NULL,"Watanabe, Yoshihiro"
3829,NULL,"Yabumoto, Kazuhiko"
3830,NULL,"Yamakado, Ikuo"
3831,NULL,"Yokoya, Kenta"
3832,NULL,"Takamura, Yuuta"
3833,NULL,"Nakamura, Yoshiko"
3834,NULL,"Miyazaki, Makoto"
3835,NULL,Wakaba
3836,NULL,"Anze, Hijiri"
3837,NULL,"Hamaguchi, Akira"
3838,NULL,"Izumo, Noriko"
3839,NULL,"Kawasaki, Aika"
3840,NULL,"Kawazoe, Akiko"
3841,NULL,"Kondou, Shinyo"
3842,NULL,"Kosaka, Tomochi"
3843,NULL,"Matsumoto, Fumiko"
3844,NULL,"Matsushita, Ikuko"
3845,NULL,"Takahashi, Takeyuki"
3846,NULL,"Sudou, Norihiko"
3847,NULL,"Ikeda, Haruna"
3848,NULL,Suara
3849,NULL,"Amazuyu, Tatsuki"
3850,NULL,Aquaplus
3851,NULL,"Haneoka, Kei"
3852,NULL,"Inoue, Yuuko"
3853,NULL,"Itou, Masato"
3854,NULL,"Mitsumi, Misato"
3855,NULL,"Nagasaka, Tomoki"
3856,NULL,"Nakamura, Takeshi"
3857,NULL,"Shimizu, Keita"
3858,NULL,"Shimokawa, Naoya"
3859,NULL,"Yoshikawa, Mei"
3860,NULL,OLM
3861,NULL,"Carletti, Ariane"
3862,NULL,"Arai, Hidenori"
3863,NULL,"Gomes, Márcia"
3864,NULL,"Ikegami, Motoaki"
3865,NULL,"Shimizu, Yasuyuki"
3866,NULL,"Terui, Keiji"
3867,NULL,"Trabaud, Pierre"
3868,NULL,"Yuki, Yoshifumi"
3869,NULL,"Okazaki, Minoru"
3870,NULL,"Shirato, Takeshi"
3871,NULL,"Endou, Takuji"
3872,NULL,"Horiuchi, Osamu"
3873,NULL,"Mizuki, Shigeru"
3874,NULL,"Tchaikovsky, Pyotr Ilyich"
3875,NULL,"Yonetani, Yoshitomo"
3876,NULL,"Ruen, Rouga"
3877,NULL,"Nishimura, Tomoyasu"
3878,NULL,"Kamiyama, Kenji"
3879,NULL,"Wakabayashi, Kazuhiro"
3880,NULL,"Kouno, Toshiyuki"
3881,NULL,"Yoshihara, Masayuki"
3882,NULL,"Suga, Shoutarou"
3883,NULL,"Graziano, Ilaria"
3884,NULL,Origa
3885,NULL,"Arakawa, Naoki"
3886,NULL,"Daidouji, Miho"
3887,NULL,"Honda, Fuminori"
3888,NULL,"Iijima, Hiroya"
3889,NULL,"Inoue, Shinya"
3890,NULL,"Kanno, Toshiyuki"
3891,NULL,"Kazazian, Thierry"
3892,NULL,"Kouda, Naoko"
3893,NULL,"Koyama, Shigeto"
3894,NULL,"Mamezuka, Takashi"
3895,NULL,"Maruyama, Kouichi"
3896,NULL,"Masuki, Takamasa"
3897,NULL,"Matsuda, Katsumi"
3898,NULL,"Matsumoto, Keita"
3899,NULL,"Mimiura, Tomoaki"
3900,NULL,"Nakahara, Hisafumi"
3901,NULL,"Nakamura, Satoru"
3902,NULL,"Ogura, Nobutoshi"
3903,NULL,"Ohba, Akiko"
3904,NULL,"Satou, Youko"
3905,NULL,"Shimomura, Makoto"
3906,NULL,"Suzuki, Asuka"
3907,NULL,"Tanaka, Kouji"
3908,NULL,"Teraoka, Kenji"
3909,NULL,"Tsushima, Kei"
3910,NULL,"Wada, Jouji"
3911,NULL,"Yamanaka, Makiko"
3912,NULL,"Yoshimoto, Takuji"
3913,NULL,"Nagai, Go"
3914,NULL,"Ochi, Kazuhiro"
3915,NULL,"Fukami, Naoyuki"
3916,NULL,"ORADA COMPANY"
3917,NULL,"Oogomori, Yukihito"
3918,NULL,"Elements Garden"
3919,NULL,"Miura, Takehiro"
3920,NULL,"Oyabu, Yoshihiro"
3921,NULL,"Iwasaki, Tarou"
3922,NULL,"Kaneko, Shingo"
3923,NULL,"Oonishi, Shinsuke"
3924,NULL,"Whitley, Sean"
3925,NULL,"Igarashi, Takuya"
3926,NULL,STEREOPONY
3927,NULL,"Abe, Naoto"
3928,NULL,"Aoi, Takashi"
3929,NULL,"Bolton, Zach"
3930,NULL,"Hamaguchi, Shouhei"
3931,NULL,"Hawkinson, Peter"
3932,NULL,"Hirayama, Hidetsugu"
3933,NULL,"Ishii, Yasushi"
3934,NULL,"Iwahara, Yuji"
3935,NULL,"Kanbayashi, Tsuyoshi"
3936,NULL,"Maeda, Toshihiro"
3937,NULL,"Mizuta, Nobuko"
3938,NULL,"Nakanishi, Aya"
3939,NULL,"Odashima, Hitomi"
3940,NULL,"Saitou, Kengo"
3941,NULL,"Takemoto, Daisuke"
3942,NULL,"Watanabe, Ruriko"
3943,NULL,"Yamamoto, Yoshiya"
3944,NULL,"Yoshino, Hiroyuki"
3945,NULL,"Yoshitake, Masato"
3946,NULL,"Square Enix"
3947,NULL,"Mainichi Broadcasting System"
3948,NULL,"Arisako, Toshihiko"
3949,NULL,"Kiuchi, Kazuhiro"
3950,NULL,"Canna, Nobutoshi"
3951,NULL,"Hayami, Show"
3952,NULL,"Horiuchi, Kenyuu"
3953,NULL,"Iwanaga, Tetsuya"
3954,NULL,"Iwata, Mitsuo"
3955,NULL,"Kisaichi, Atsushi"
3956,NULL,"Koyasu, Takehito"
3957,NULL,"Madono, Mitsuaki"
3958,NULL,"Morikawa, Toshiyuki"
3959,NULL,"Narita, Ken"
3960,NULL,"Tachiki, Fumihiko"
3961,NULL,"Tobita, Nobuo"
3962,NULL,"Touma, Yumi"
3963,NULL,"Yuuki, Hiro"
3964,NULL,"Yura, Kairi"
3965,NULL,"Omnibus Japan"
3966,NULL,"Ishihira, Shinji"
3967,NULL,"Iwai, Takao"
3968,NULL,"Kuroda, Narumi"
3969,NULL,"Matsumoto, Rie"
3970,NULL,"Mitsuka, Masato"
3971,NULL,"Ootsuka, Takashi"
3972,NULL,"Zako, Akifumi"
3973,NULL,"Satou, Shouichi"
3974,NULL,"Yamashita, Kenichi"
3975,NULL,"Gojou, Mayumi"
3976,NULL,"Kudou, Mayu"
3977,NULL,"Miyamoto, Kanako"
3978,NULL,"Tadano, Natsumi"
3979,NULL,"Hamano, Yuuichi"
3980,NULL,"Ishigami, Hiromi"
3981,NULL,"Ishii, Mai"
3982,NULL,"Ishino, Takahisa"
3983,NULL,"Kikuchi, Katsunori"
3984,NULL,"Miyamoto, Emiko"
3985,NULL,"Nishide, Masayuki"
3986,NULL,"Sakai, Kazuo"
3987,NULL,"Sano, Takayuki"
3988,NULL,"Shintani, Naohiro"
3989,NULL,"Suzaki, Kaoru"
3990,NULL,"Takamura, Kaoru"
3991,NULL,"Toudou, Izumi"
3992,NULL,"Urakami, Takayuki"
3993,NULL,"Yamagata, Aki"
3994,NULL,"Katou, Seishirou"
3995,NULL,Onijima
3996,NULL,"Serizawa, Hiroaki"
3997,NULL,"Adachi, Mitsuru"
3998,NULL,"Hosoya, Akio"
3999,NULL,"Maeda, Tsuneo"
4000,NULL,Koge-Donbo*
4001,NULL,"Kurosawa, Mamoru"
4002,NULL,"Yanagida, Yoshiaki"
4003,NULL,"TOHO animation"
4004,NULL,"Urban Product"
4005,NULL,"Kishimoto, Reigo"
4006,NULL,"Kanazawa, Hiromichi"
4007,NULL,"Suzuki, Shingo"
4008,NULL,"Kudou, Susumu"
4009,NULL,"Kikuta, Kouichi"
4010,NULL,KATSU
4011,NULL,angela
4012,NULL,atsuko
4013,NULL,"Ema, Tsunetaka"
4014,NULL,"Endo, Mikio"
4015,NULL,"Inoue, Tomonori"
4016,NULL,"Saitou, Tomoko"
4017,NULL,"Starchild Records"
4018,NULL,"Maniwa, Hideaki"
4019,NULL,"Totsuka, Osamu"
4020,NULL,"Takahashi, Naoko"
4021,NULL,"Nishizawa, Nobutaka"
4022,NULL,"Ikegami, Ryouichi"
4023,NULL,"Koike, Kazuo"
4024,NULL,"Okui, Atsushi"
4025,NULL,"Urushihara, Satoshi"
4026,NULL,"Kosaka, Riyu"
4027,NULL,"Maruyama, Mayuko"
4028,NULL,"Hiyamizu, Yukie"
4029,NULL,"Mitsumune, Shinkichi"
4030,NULL,"Shiino, Ryuusuke"
4031,NULL,"Shimada, Humikane"
4032,NULL,Konami
4033,NULL,"Kuriyama, Yoshihide"
4034,NULL,"Maekawa, Takashi"
4035,NULL,"Yamaguchi, Toshikazu"
4036,NULL,"Yamaguchi, Satoshi"
4037,NULL,"Yamamoto, Masayuki"
4038,NULL,"Yatagai, Kenichi"
4039,NULL,"Kokusai Eigasha"
4040,NULL,"Mizusaki, Junpei"
4041,NULL,"Amuro, Namie"
4042,NULL,"Kawakami, Daisuke"
4043,NULL,"Saitou, Shigeru"
4044,NULL,"Kamitsubo, Ryouki"
4045,NULL,"Ishikura, Kenichi"
4046,NULL,"Fujimoto, Jirou"
4047,NULL,"Asumi, Kana"
4048,NULL,"Mizuhashi, Kaori"
4049,NULL,"Aoki, Ume"
4050,NULL,"Hikawa, Hekiru"
4051,NULL,"Kouju, Takashi"
4052,NULL,"Mayama, Kei"
4053,NULL,"Morita, Shuusuke"
4054,NULL,"Takahashi, Yuuma"
4055,NULL,"Takizawa, Izumi"
4056,NULL,Houbunsha
4057,NULL,"Watanabe, Junichi"
4058,NULL,"Okamoto, Tatsuya"
4059,NULL,"Yamanaka, Norimasa"
4060,NULL,"Hayashi, Hiroki"
4061,NULL,"Kawasaki, Kouji"
4062,NULL,"Kitazume, Hiroyuki"
4063,NULL,"Hata, Shouji"
4064,NULL,"Kawai, Eri"
4065,NULL,Lia
4066,NULL,"Togoshi, Magome"
4067,NULL,"Akiyama, Kentarou"
4068,NULL,"Awara, Kazuki"
4069,NULL,"Hinoue, Itaru"
4070,NULL,"Iida, Yuusuke"
4071,NULL,"Imamura, Takahiro"
4072,NULL,"Ishii, Yumiko"
4073,NULL,"Iwahata, Gouichi"
4074,NULL,"Jones, Kyle Colby"
4075,NULL,"Kamemoto, Mika"
4076,NULL,"Katayama, Miyuki"
4077,NULL,"Katsumata, Aiko"
4078,NULL,"Kawaguchi, Chisato"
4079,NULL,Key
4080,NULL,"Kurahashi, Takashi"
4081,NULL,"Maeda, Jun"
4082,NULL,"Nagura, Yasushi"
4083,NULL,"Nakao, Yukihiko"
4084,NULL,"Oonishi, Youichi"
4085,NULL,"Orito, Shinji"
4086,NULL,"Saitou, Mayu"
4087,NULL,"Suo, Yoshikazu"
4088,NULL,"Ujiie, Yoshihiro"
4089,NULL,"Watanabe, Keito"
4090,NULL,"Visual Arts"
4091,NULL,"Morishita, Kouzou"
4092,NULL,"Baroli, Gilberto"
4093,NULL,"Yamada, Nobuo"
4094,NULL,"Baroli, Hermes"
4095,NULL,"François, Marc"
4096,NULL,"Yamamura, Koji"
4097,NULL,"Yokoyama, Seiji"
4098,NULL,"Daewon Media"
4099,NULL,"Kouchiyama, Takashi"
4100,NULL,"Matsuda, Akio"
4101,NULL,"Suzuki, Takeyuki"
4102,NULL,"Komori, Hideto"
4103,NULL,"Deai, Kotomi"
4104,NULL,"Iwasato, Yuuho"
4105,NULL,MIZUE
4106,NULL,"Maeguchi, Wataru"
4107,NULL,"Ookubo, Kaoru"
4108,NULL,"Saitou, Yuuya"
4109,NULL,"Yaginuma, Satoshi"
4110,NULL,"Yamazaki, Haruka"
4111,NULL,Yuki-ka
4112,NULL,fripSide
4113,NULL,ELISA
4114,NULL,"Hata, Kenjirou"
4115,NULL,"Kazumi, Yokoo"
4116,NULL,"Kobari, Yuuko"
4117,NULL,"Kobayashi, Masami"
4118,NULL,"Machida, Shinichi"
4119,NULL,"Matsui, Keiichirou"
4120,NULL,"Morifuji, Kiko"
4121,NULL,"Nozaki, Hiroki"
4122,NULL,"Obata, Kazuhiro"
4123,NULL,"Orii, Eiji"
4124,NULL,"Sawabe, Nobumasa"
4125,NULL,"Suwa, Masahiro"
4126,NULL,"Yokota, Kiyoshi"
4127,NULL,"Shogakukan Music & Digital Entertainment"
4128,NULL,Manglobe
4129,NULL,EBS
4130,NULL,"Satou, Yoshiteru"
4131,NULL,"Idea Factory"
4132,NULL,"Kumazen, Takashi"
4133,NULL,"Kuwana, Shingo"
4134,NULL,"Hanai, Aiko"
4135,NULL,"Filmlink International"
4136,NULL,Bebow
4137,NULL,"Akai, Fuminao"
4138,NULL,LINDA
4139,NULL,"MS Pictures"
4140,NULL,"Sunny Side Up"
4141,NULL,"Fukuda, Hiroko"
4142,NULL,"Yagami, Chitose"
4143,NULL,"Konomi, Takeshi"
4144,NULL,M.S.C
4145,NULL,"Endou, Yuuji"
4146,NULL,"Uda, Kounosuke"
4147,NULL,"Umezawa, Atsutoshi"
4148,NULL,"Arisawa, Takanori"
4149,NULL,"Iwane, Masaaki"
4150,NULL,"Maruo, Keiko"
4151,NULL,"Nekobe, Neko"
4152,NULL,"Nishiyama, Shigeru"
4153,NULL,"Toei Advertising"
4154,NULL,"Endou, Tetsuya"
4155,NULL,"Mihara, Takenori"
4156,NULL,"Polygram Japan"
4157,NULL,"Film Workshop"
4158,NULL,"Triangle Staff"
4159,NULL,"Tamura, Manabu"
4160,NULL,"Mihara, Michio"
4161,NULL,"Takahashi, Tomoya"
4162,NULL,"Vickers, Jamie"
4163,NULL,"Kagami, Seira"
4164,NULL,"Amemiya, Akira"
4165,NULL,"Asano, Naoyuki"
4166,NULL,"Furumiya, Youko"
4167,NULL,"Hirata, Katsuzou"
4168,NULL,"Honma, Akira"
4169,NULL,"Kakita, Hideki"
4170,NULL,"Koiso, Yuka"
4171,NULL,"Marufuji, Hirotaka"
4172,NULL,"Nishimura, Hiroyuki"
4173,NULL,"Tanimoto, Chie"
4174,NULL,"Yoshida, Kiyoshi"
4175,NULL,"Yamashita, Tomohiro"
4176,NULL,"Kozutsumi, Pon"
4177,NULL,"Yukawa, Takamitsu"
4178,NULL,"Hasegawa, Yuuki"
4179,NULL,"Fukushima, Toshinori"
4180,NULL,"Morikubo, Shoutarou"
4181,NULL,"Mitsuda, Takuya"
4182,NULL,"Nakamura, Chiho"
4183,NULL,"Yanaka, Masaru"
4184,NULL,"Okumura, Yoshiaki"
4185,NULL,"Inoue, Tomoyo"
4186,NULL,"Fujima, Takuya"
4187,NULL,"Kidani, Takaaki"
4188,NULL,"Mishina, Yuusuke"
4189,NULL,Bushiroad
4190,NULL,"Nobitome, Youta"
4191,NULL,Pon
4192,NULL,"Blue Gale"
4193,NULL,Haganemaru
4194,NULL,"Kwon, Yong-Sang"
4195,NULL,"Matsui, Shinya"
4196,NULL,"81 Produce"
4197,NULL,"Shibata, Hiroaki"
4198,NULL,"D'Avena, Cristina"
4199,NULL,"Mori, Chiyoko"
4200,NULL,"Oku, Keiichi"
4201,NULL,"Ravalec, Blanche"
4202,NULL,"Satou, Gen"
4203,NULL,Sushio
4204,NULL,"Takanashi, Shizue"
4205,NULL,"Yamada, Takashi"
4206,NULL,"Aranaga, Hikaru"
4207,NULL,"Knack Productions"
4208,NULL,"Ishiguro, Tatsuya"
4209,NULL,"Tokoro, Toshikatsu"
4210,NULL,"Daunt, Ricardo"
4211,NULL,"Hise, Nicole"
4212,NULL,"Marchi, Jamie"
4213,NULL,"Mathé, Solenne"
4214,NULL,"Shimazu, Hiroyuki"
4215,NULL,"Watanabe, Masaki"
4216,NULL,"Rocky Chack"
4217,NULL,"Ayakura, Juu"
4218,NULL,"Hasekura, Isuna"
4219,NULL,"Kim, Jeong-Nam"
4220,NULL,"Kitakata, Masami"
4221,NULL,"Kohama, Toshihiro"
4222,NULL,"Nagasaka, Kanji"
4223,NULL,"Nogueira, Bruna"
4224,NULL,"Sakai, Takahiro"
4225,NULL,"Satou, Shigenobu"
4226,NULL,"Shiozawa, Yoshinori"
4227,NULL,"Takemoto, Itsuki"
4228,NULL,"Tanaka, Yae"
4229,NULL,"Yoshino, Yuuji"
4230,NULL,"Kadokawa Pictures Japan"
4231,NULL,"ASCII Media Works"
4232,NULL,"Brain's Base"
4233,NULL,"Marvy Jack"
4234,NULL,"Takamura, Akira"
4235,NULL,DEEN
4236,NULL,"Komatsu, Miho"
4237,NULL,"Ohguro, Maki"
4238,NULL,"Sakai, Izumi"
4239,NULL,"Utoku, Keiko"
4240,NULL,"Kishi, Yoshiyuki"
4241,NULL,"Ogawa, Etsushi"
4242,NULL,"Takahashi, Eikichi"
4243,NULL,"Abino, Shota"
4244,NULL,Animac
4245,NULL,"Ikeda, Mamiko"
4246,NULL,"Nagahama, Hiroshi"
4247,NULL,"Sakai, Kyuuta"
4248,NULL,"Yoshimura, Makoto"
4249,NULL,"Hattori, Ayumi"
4250,NULL,"Imanishi, Takashi"
4251,NULL,"Kakinouchi, Narumi"
4252,NULL,"Himaki, Yuji"
4253,NULL,"Sugahara, Shizutaka"
4254,NULL,"Hirabayashi, Sawako"
4255,NULL,"Sugihara, Kenji"
4256,NULL,"Nagahama, Norihiko"
4257,NULL,"Yamamoto, Takashi"
4258,NULL,"Charmmy Queen"
4259,NULL,"Hatsune, Miku"
4260,NULL,"Little Non"
4261,NULL,"Technoboys Pulcraft Green-Fund"
4262,NULL,"Hasegawa, Takashi"
4263,NULL,"Hayashi, Takayoshi"
4264,NULL,"Kaiho, Hitomi"
4265,NULL,"Matsuda, Akito"
4266,NULL,"Miyano, Momotarou"
4267,NULL,"Mizusaki, Kenta"
4268,NULL,"Oomichi, Hiromasa"
4269,NULL,"Ranjou, Riku"
4270,NULL,"Suzuhira, Hiro"
4271,NULL,"Brain's Base"
4272,NULL,"Ueda, Yasuyuki"
4273,NULL,"Morita, Hiroyuki"
4274,NULL,"Hashimoto, Yukari"
4275,NULL,"Okazaki, Ritsuko"
4276,NULL,"Nishikura, Chikara"
4277,NULL,"O'Brien, Liam"
4278,NULL,"Takumi, Masanori"
4279,NULL,"Utsuno, Naomi"
4280,NULL,"Yoshida, Motoi"
4281,NULL,"Higuchi, Masakazu"
4282,NULL,"Abe, Kouji"
4283,NULL,"Aoki, Yuuzou"
4284,NULL,"Hashimoto, Naoto"
4285,NULL,"Yoshida, Shigetsugu"
4286,NULL,"D'Avena, Cristina"
4287,NULL,"Fromont, Pierre"
4288,NULL,"Kouzai, Takao"
4289,NULL,"Makaino, Kouji"
4290,NULL,"Nanba, Hitoshi"
4291,NULL,"Yokosuka, Reiko"
4292,NULL,"Miyamoto, Yukihiro"
4293,NULL,"Inoue, Marina"
4294,NULL,"Kobayashi, Yuu"
4295,NULL,"Endou, Minari"
4296,NULL,"Fukui, Maki"
4297,NULL,"Gekidan Inu Curry"
4298,NULL,"Hashidate, Kana"
4299,NULL,"Honda, Yoshino"
4300,NULL,"Honda, Keiichi"
4301,NULL,"Kobayashi, Jin"
4302,NULL,"Kumeta, Kouji"
4303,NULL,"Matsubara, Rie"
4304,NULL,"Matsuura, Riki"
4305,NULL,"Nishiwaki, Tatsuya"
4306,NULL,"Ozawa, Kazunori"
4307,NULL,"Sakai, Satoshi"
4308,NULL,"Sawada, Tomoyo"
4309,NULL,"Yoshinari, You"
4310,NULL,"Media Factory"
4311,NULL,"Furukawa, Taku"
4312,NULL,"Satomi, Tetsurou"
4313,NULL,"Ichikawa, Kazuya"
4314,NULL,"Barnum Studio"
4315,NULL,"Bakewell, Michael"
4316,NULL,"Hishiyama, Tooru"
4317,NULL,"Nakaza, Youji"
4318,NULL,"O'Donnell, John"
4319,NULL,"Satou, Makoto"
4320,NULL,"Ishiyama, Takaaki"
4321,NULL,"Ishihara, Shinichi"
4322,NULL,"Nagakubo, Takakazu"
4323,NULL,"Shizuno, Koubun"
4324,NULL,"Imagawa, Yasuhiro"
4325,NULL,"Date, Kensei"
4326,NULL,"Katayama, Kazuyoshi"
4327,NULL,"Amano, Masamichi"
4328,NULL,"Galvão, Sérgio"
4329,NULL,"Ikeda, Kaori"
4330,NULL,"Kamegaki, Hajime"
4331,NULL,"Kobayashi, Makoto"
4332,NULL,"Mena, Héctor"
4333,NULL,"Miyazawa, Tsutomu"
4334,NULL,"Ookubo, Masao"
4335,NULL,"Ueda, Youichi"
4336,NULL,"Urata, Yasunori"
4337,NULL,"Yamashita, Akihiko"
4338,NULL,"Yokoyama, Mitsuteru"
4339,NULL,"Phoenix Entertainment"
4340,NULL,"Taniguchi, Gorou"
4341,NULL,"Oomori, Kinuko"
4342,NULL,"Toshiba EMI"
4343,NULL,"Haishima, Kuniaki"
4344,NULL,"Kurahashi, Hiromune"
4345,NULL,"Suzuki, Yukie"
4346,NULL,Satelight
4347,NULL,"Perry, Ward"
4348,NULL,"Bailey, Laura"
4349,NULL,"Kozakai, Yoshio"
4350,NULL,Lune
4351,NULL,"Momoi, Sakura"
4352,NULL,"Tamaru, Makoto"
4353,NULL,"Sindberg, Susan"
4354,NULL,"Izubuchi, Yutaka"
4355,NULL,"Yoshimoto, Satoshi"
4356,NULL,"Konaka, Chiaki"
4357,NULL,"Shibazaki, Kenji"
4358,NULL,"Sodre, Elcio"
4359,NULL,"Morii, Kenshirou"
4360,NULL,"Arakawa, Hiromu"
4361,NULL,"Studio Moriken"
4362,NULL,"Kinoshita, Renzo"
4363,NULL,"Okamoto, Mitsuteru"
4364,NULL,"Kamitakada Shounen Gasshoudan"
4365,NULL,"Murano, Moribi"
4366,NULL,"Okabe, Eiji"
4367,NULL,"Tomita, Isao"
4368,NULL,"Yabuki, Kimio"
4369,NULL,"Ito, Michihiro"
4370,NULL,"Torrens, Jacques"
4371,NULL,Soyuzmultfilm
4372,NULL,"Kimura, Yasutaka"
4373,NULL,"Miki, Kazuma"
4374,NULL,"Nakayama, Nobuhiro"
4375,NULL,"Kawabata, Takashi"
4376,NULL,"Umabiki, Kei"
4377,NULL,"Akahoshi, Masanao"
4378,NULL,"Takigawa, Kazuo"
4379,NULL,IKU
4380,NULL,"Iuchi, Maiko"
4381,NULL,"Takase, Kazuya"
4382,NULL,"Adachi, Shingo"
4383,NULL,"Arai, Nobuhiro"
4384,NULL,"Haimura, Kiyotaka"
4385,NULL,"Hamada, Naoki"
4386,NULL,"I've sound"
4387,NULL,"Ishiyama, Hiroshi"
4388,NULL,"Kamachi, Kazuma"
4389,NULL,"Kamo, Ayumi"
4390,NULL,"Kashimura, Emi"
4391,NULL,"Kawakami, Tetsuya"
4392,NULL,"Kuroda, Tomonori"
4393,NULL,"Morita, Takeshi"
4394,NULL,"Mouri, Shinobu"
4395,NULL,"Nakamura, Naoto"
4396,NULL,"Sakurabi, Katsushi"
4397,NULL,"Shimizu, Sorato"
4398,NULL,"Tabata, Akira"
4399,NULL,"Yamamoto, Yuuko"
4400,NULL,"Kadokawa Contents Gate"
4401,NULL,"Omode, Akemi"
4402,NULL,"Sanami, Yuri"
4403,NULL,"Sawada, Takao"
4404,NULL,"Shibayama, Tomotaka"
4405,NULL,"Souterelle, Frédéric"
4406,NULL,"Méyère, Bruno"
4407,NULL,PEACH‐PIT
4408,NULL,"XEBEC M2"
4409,NULL,"Itou, Makoto"
4410,NULL,"Takahata, Yuuichirou"
4411,NULL,"Nakanishi, Nobuaki"
4412,NULL,"Hamano, Kazuzou"
4413,NULL,"Ozeki, Masayuki"
4414,NULL,"Zappa, Gou"
4415,NULL,"Fujiwara, Ryouji"
4416,NULL,"Kurokawa, Nami"
4417,NULL,"Maeda, Yukie"
4418,NULL,"Sena, Megumi"
4419,NULL,"Yoneshima, Nozomi"
4420,NULL,BaseSon
4421,NULL,"Fukase, Shigeru"
4422,NULL,"Fukuda, Yuuki"
4423,NULL,"Ishiguro, Kei"
4424,NULL,"Kikuchi, Masayoshi"
4425,NULL,"Lee, Hyeon-Jeong"
4426,NULL,"Makabe, Genta"
4427,NULL,"Nakamura, Shinya"
4428,NULL,"Oota, Kenji"
4429,NULL,PRA
4430,NULL,Jumondo
4431,NULL,"Doga Kobo"
4432,NULL,"Hasegawa, Hiroshi"
4433,NULL,"Futaki, Makiko"
4434,NULL,"Kanno, Yoshihiro"
4435,NULL,"Kousaka, Kitarou"
4436,NULL,"Okuda, Matsuri"
4437,NULL,"Koorogi '73"
4438,NULL,"Lawinska, Monika"
4439,NULL,"Shimokawa, Tadami"
4440,NULL,"Dynamic Planning"
4441,NULL,"Yamamoto, Megumi"
4442,NULL,Edison
4443,NULL,"Kai, Keiko"
4444,NULL,"Okada, Tomoaki"
